"","SNP.Position","Aunt","Dad","Mom","Daughter","Son"
"1",17054720,0,1,1,1,2
"2",17075353,2,2,2,2,2
"3",17087656,1,2,2,2,2
"4",17094749,2,2,1,2,1
"5",17112342,0,0,0,0,0
"6",17154984,0,0,0,0,0
"7",17169522,1,2,1,1,2
"8",17178586,1,1,0,0,0
"9",17189718,0,0,0,0,0
"10",17203103,2,2,2,2,2
"11",17214252,2,2,2,2,2
"12",17256231,1,2,1,1,2
"13",17264565,2,2,2,2,2
"14",17265124,2,2,2,2,2
"15",17273728,0,2,0,1,1
"16",17281931,0,0,0,0,0
"17",17285949,1,2,1,2,1
"18",17288988,0,0,0,0,0
"19",17289118,2,2,1,2,1
"20",17294251,1,1,2,2,2
"21",17301217,1,1,0,0,0
"22",17301843,2,2,2,2,2
"23",17304887,1,1,0,0,0
"24",17306104,0,0,1,0,1
"25",17312596,2,1,1,1,0
"26",17315102,0,1,0,1,1
"27",17315503,0,2,1,1,2
"28",17317233,0,2,1,1,2
"29",17318150,1,1,2,1,1
"30",17319156,1,2,2,2,2
"31",17326181,1,2,2,2,2
"32",17326432,0,0,0,0,0
"36",17398508,2,1,2,1,1
"37",17398800,2,2,2,2,2
"38",17399211,2,2,2,2,2
"39",17407349,0,1,0,1,1
"40",17409897,1,1,0,0,0
"41",17410373,0,1,0,1,1
"42",17411899,0,1,0,1,1
"43",17412216,2,1,2,1,1
"44",17414103,0,0,1,0,1
"45",17414640,0,0,0,0,0
"46",17415572,0,0,0,0,0
"47",17427037,0,0,0,0,0
"48",17429384,0,1,1,1,2
"49",17429434,0,0,1,0,1
"51",17433888,0,0,0,0,0
"52",17434084,1,1,2,2,2
"53",17436846,1,0,2,1,1
"54",17442154,0,0,0,0,0
"55",17443131,0,1,0,1,1
"56",17445502,1,0,2,1,1
"57",17446157,0,0,0,0,0
"58",17446914,0,1,0,1,1
"59",17452966,1,1,2,2,2
"60",17462185,1,1,2,2,2
"61",17467411,0,0,0,0,0
"62",17467684,0,0,0,0,0
"63",17470779,0,1,0,1,1
"65",17489577,0,0,0,0,0
"66",17489890,0,0,0,0,0
"67",17490932,1,1,2,2,2
"69",17492452,0,1,1,1,2
"70",17493293,1,1,2,2,2
"71",17493708,1,1,2,2,2
"72",17494101,0,0,0,0,0
"73",17494547,0,1,0,1,1
"74",17524203,0,0,0,0,0
"75",17541673,0,0,0,0,0
"76",17545859,0,0,0,0,0
"78",17580394,0,1,0,1,1
"79",17580813,0,1,0,1,1
"80",17585441,2,2,1,2,1
"81",17586471,2,2,2,2,2
"82",17587680,1,0,0,0,0
"83",17587975,1,1,2,1,1
"84",17589209,1,1,1,1,0
"85",17589246,0,0,1,0,1
"86",17593685,1,2,1,1,2
"87",17594915,0,2,1,1,2
"88",17597462,0,0,0,0,0
"89",17603801,1,1,2,2,2
"90",17605824,2,2,2,2,2
"92",17615213,1,1,0,0,0
"94",17618142,1,1,1,1,2
"95",17619292,0,1,0,0,0
"96",17620130,0,0,0,0,0
"97",17621704,0,1,1,1,2
"98",17622267,0,0,0,0,0
"99",17626665,2,2,2,2,2
"100",17630486,2,1,1,1,0
"101",17643546,2,2,2,2,2
"102",17647862,1,0,0,0,0
"103",17649774,2,0,2,1,1
"105",17658341,0,1,1,1,2
"106",17663117,1,0,2,1,1
"107",17665413,2,1,2,2,2
"108",17669306,1,1,0,1,1
"109",17670256,0,0,1,0,1
"110",17674117,0,1,0,1,1
"111",17675900,1,0,1,0,1
"112",17676590,0,0,0,0,0
"113",17677699,1,2,1,1,2
"115",17682294,2,2,2,2,2
"116",17688402,0,0,0,0,0
"117",17697781,1,1,1,1,2
"118",17700284,1,1,1,1,2
"119",17705622,1,1,1,1,2
"120",17705808,1,1,1,1,2
"121",17710860,0,0,1,0,1
"122",17712611,2,2,1,2,1
"123",17718606,0,0,0,0,0
"124",17722536,1,1,0,1,1
"125",17722885,0,0,0,0,0
"126",17724093,1,1,0,1,1
"127",17729044,1,1,0,1,1
"128",17731977,0,1,0,0,0
"129",17733896,0,1,0,0,0
"130",17735191,0,0,0,0,0
"131",17744553,1,0,2,1,1
"132",17759549,0,0,0,0,0
"133",17760350,0,0,0,0,0
"134",17761425,0,0,0,0,0
"135",17766115,0,0,0,0,0
"136",17784602,0,0,0,0,0
"137",17790349,0,0,0,0,0
"138",17791564,1,1,0,0,0
"139",17795408,1,0,0,0,0
"140",17798800,0,1,0,0,0
"141",17799529,0,0,0,0,0
"142",17800472,1,0,1,1,0
"143",17803593,1,0,1,1,0
"144",17803786,0,0,0,0,0
"145",17817037,0,0,0,0,0
"146",17823261,0,2,0,1,1
"147",17827684,2,2,2,2,2
"148",17829955,0,0,0,0,0
"149",17831813,1,2,2,2,2
"150",17834898,0,0,0,0,0
"151",17838809,1,2,2,2,2
"152",17846171,1,0,0,0,0
"153",17853714,1,0,0,0,0
"154",17861476,0,0,0,0,0
"155",17862268,0,2,1,1,2
"156",17873099,1,1,0,1,1
"157",17890558,1,1,0,1,1
"158",17894083,2,1,2,1,1
"159",17899136,0,0,0,0,0
"160",17899175,0,0,0,0,0
"161",17903914,0,0,0,0,0
"162",17908162,1,1,1,1,0
"163",17909998,1,1,1,1,0
"164",17910586,2,0,0,0,0
"165",17910844,1,0,0,0,0
"166",17915430,0,0,0,0,0
"167",17915744,0,0,0,0,0
"168",17922770,0,0,0,0,0
"169",17929926,0,0,0,0,0
"170",17931566,0,0,0,0,0
"171",17932686,1,1,1,1,2
"172",17939816,2,1,2,2,2
"173",17940494,0,0,0,0,0
"174",17946168,0,0,1,1,0
"175",17946202,0,0,0,0,0
"176",17947371,0,0,0,0,0
"177",17956887,1,0,1,1,0
"178",17958441,1,0,0,0,0
"179",17961525,1,2,1,1,2
"180",17965531,1,0,1,0,1
"181",17965843,2,1,2,2,2
"182",17968311,1,0,0,0,0
"183",17971225,1,0,0,0,0
"184",17971883,0,0,0,0,0
"185",17973032,0,0,0,0,0
"186",17973664,1,1,0,0,0
"187",17977024,2,1,2,2,2
"188",17986811,0,0,1,0,1
"189",17988394,2,1,2,2,2
"190",17990852,0,0,0,0,0
"191",17992131,0,2,2,2,2
"192",17992437,0,0,0,0,0
"193",17994585,2,2,2,2,2
"194",17999158,0,1,2,1,1
"195",18001375,2,2,2,2,2
"196",18002892,0,0,0,0,0
"197",18009909,0,2,2,2,2
"198",18010706,0,1,0,1,1
"199",18010945,0,0,0,0,0
"200",18011380,0,2,2,2,2
"201",18013723,0,0,0,0,0
"202",18016508,0,1,2,1,1
"203",18018604,0,0,0,0,0
"204",18018940,0,0,0,0,0
"205",18021604,0,0,0,0,0
"206",18021760,0,1,0,1,1
"207",18031544,2,2,2,2,2
"208",18036388,0,1,0,1,1
"209",18036431,0,1,0,1,1
"210",18038786,0,1,0,1,1
"211",18038910,0,0,0,0,0
"212",18047028,2,1,1,1,0
"213",18047231,0,0,0,0,0
"214",18049681,2,1,1,1,0
"215",18053496,2,1,2,1,1
"216",18055605,0,0,0,0,0
"217",18061337,2,2,1,2,1
"218",18068785,0,0,1,0,1
"219",18076546,0,0,1,0,1
"220",18079518,0,0,0,0,0
"221",18081156,0,0,1,0,1
"222",18094106,0,0,0,0,0
"223",18096378,0,0,1,0,1
"224",18102627,0,1,0,0,0
"225",18104619,1,2,1,1,2
"226",18115392,1,2,1,1,2
"227",18130209,0,0,1,0,1
"228",18131078,1,0,2,1,1
"229",18135912,0,0,1,0,1
"230",18161543,0,0,1,0,1
"231",18161979,0,0,0,0,0
"232",18163795,0,0,0,0,0
"233",18174658,1,0,2,1,1
"234",18181869,0,0,1,0,1
"235",18187216,0,0,0,0,0
"236",18193707,0,0,0,0,0
"237",18209613,1,0,1,1,0
"238",18213057,1,0,0,0,0
"239",18216211,1,0,0,0,0
"240",18222263,1,0,1,0,1
"241",18224155,1,0,0,0,0
"242",18233000,1,0,0,0,0
"243",18234589,0,0,0,0,0
"244",18235305,1,0,1,1,0
"245",18240974,0,0,0,0,0
"246",18245932,0,0,1,0,1
"247",18246375,0,0,1,0,1
"248",18250268,0,0,1,0,1
"249",18255988,0,0,0,0,0
"250",18258382,1,1,1,1,2
"251",18262767,0,0,0,0,0
"252",18263268,1,0,0,0,0
"253",18264831,1,1,2,2,2
"254",18270779,1,0,0,0,0
"255",18283247,0,1,0,1,1
"256",18286672,0,2,0,1,1
"257",18288362,0,2,0,1,1
"258",18289204,0,1,0,0,0
"259",18292466,0,2,0,1,1
"260",18295575,0,2,0,1,1
"261",18299197,1,1,0,1,1
"262",18307634,1,1,0,1,1
"263",18308320,0,0,0,0,0
"264",18313512,1,1,1,1,0
"265",18316526,1,1,1,1,0
"266",18316620,0,1,0,0,0
"267",18319179,0,1,0,0,0
"268",18323438,0,1,0,0,0
"269",18326162,0,0,0,0,0
"270",18333902,0,1,0,0,0
"271",18338356,1,1,0,0,0
"272",18339012,1,1,0,0,0
"273",18347127,1,1,0,0,0
"274",18350514,0,0,0,0,0
"275",18354272,1,1,0,0,0
"276",18354328,1,1,0,0,0
"277",18368147,0,0,0,0,0
"278",18371637,1,1,0,0,0
"279",18377199,1,1,0,0,0
"280",18391061,2,1,1,1,0
"281",18393564,1,0,1,1,0
"282",18393933,1,1,0,0,0
"283",18396329,2,2,2,2,2
"284",18403629,1,2,1,1,2
"285",18406068,0,0,0,0,0
"286",18407468,1,2,1,1,2
"287",18413975,2,2,2,2,2
"288",18420055,1,0,1,1,0
"289",18430193,1,0,1,1,0
"290",18435794,2,2,2,2,2
"291",18438752,0,0,0,0,0
"292",18439598,0,0,0,0,0
"293",18439958,0,0,0,0,0
"294",18442522,1,0,1,1,0
"295",18443681,1,0,1,1,0
"296",18443699,0,0,0,0,0
"297",18448960,1,0,1,1,0
"298",18466802,1,0,1,1,0
"299",18467133,1,0,1,1,0
"300",18475941,0,0,0,0,0
"301",18486017,1,0,1,1,0
"302",18489048,1,1,0,0,0
"303",18493980,1,1,0,0,0
"304",18495470,0,0,1,1,0
"305",18504801,1,0,2,1,1
"306",18505121,1,0,0,0,0
"307",18507030,0,0,1,0,1
"308",18512496,0,0,1,1,0
"309",18520582,1,0,0,0,0
"310",18523214,1,0,0,0,0
"311",18526789,2,1,1,1,0
"312",18530984,0,0,0,0,0
"313",18533335,0,0,0,0,0
"314",18533434,0,0,1,1,0
"315",18537041,0,0,1,1,0
"316",18539370,0,0,1,1,0
"317",18539553,0,0,0,0,0
"318",18542311,0,1,0,0,0
"319",18545634,0,2,0,1,1
"320",18546611,0,0,0,0,0
"321",18549152,0,0,0,0,0
"322",18549174,0,2,0,1,1
"323",18549740,0,0,0,0,0
"324",18551780,0,1,0,0,0
"325",18552662,0,0,0,0,0
"326",18555134,0,1,1,1,0
"327",18558511,0,0,0,0,0
"328",18560570,1,1,0,1,1
"329",18574715,2,2,1,2,1
"330",18583267,1,1,1,1,2
"331",18584433,1,1,0,1,1
"332",18586169,0,0,1,0,1
"333",18586756,0,0,0,0,0
"334",18590899,0,0,0,0,0
"335",18594931,0,0,0,0,0
"336",18595352,1,0,2,1,1
"337",18596449,1,0,1,1,0
"338",18601415,1,1,1,1,0
"339",18607872,0,0,0,0,0
"340",18608627,0,0,0,0,0
"341",18609046,0,0,0,0,0
"342",18610110,0,0,0,0,0
"343",18610146,0,0,0,0,0
"344",18610798,0,0,0,0,0
"345",18611223,0,0,0,0,0
"346",18613045,0,0,0,0,0
"347",18614874,0,0,0,0,0
"348",18629028,0,0,0,0,0
"349",18631365,0,0,0,0,0
"350",18633446,1,1,0,0,0
"351",18633978,1,1,0,0,0
"352",18640300,0,0,0,0,0
"353",18642145,0,0,0,0,0
"354",18877787,0,1,0,0,0
"355",18890615,0,1,0,0,0
"356",18901004,2,2,2,2,2
"357",18905964,0,0,1,0,1
"358",18912678,1,1,2,1,1
"359",18915347,0,0,0,0,0
"360",18915963,0,0,1,1,0
"361",18916180,0,0,0,0,0
"362",18916756,1,0,0,0,0
"363",18917031,1,1,0,1,1
"364",18924956,0,0,1,1,0
"365",18941457,2,2,1,1,2
"366",18967349,0,0,0,0,0
"367",18967371,1,0,1,1,0
"368",18971224,1,0,1,1,0
"369",18975587,0,0,0,0,0
"370",18981563,1,0,1,1,0
"371",18982097,1,0,1,1,0
"372",18990128,0,2,1,1,2
"373",18992121,1,0,0,0,0
"374",18993128,1,2,1,1,2
"375",18996565,0,1,1,1,2
"376",19008108,1,1,1,1,2
"377",19024651,0,0,0,0,0
"378",19025381,1,0,0,0,0
"379",19026613,1,1,1,1,2
"380",19032215,1,0,0,0,0
"381",19033532,1,1,1,1,2
"382",19046677,0,0,0,0,0
"383",19048449,0,1,1,1,2
"384",19049602,1,1,1,1,2
"385",19051381,1,1,1,1,2
"386",19058146,0,0,1,1,0
"387",19062353,1,1,1,1,2
"388",19073612,0,0,0,0,0
"389",19077049,2,2,2,2,2
"390",19077594,1,0,0,0,0
"391",19080150,0,0,0,0,0
"392",19097437,1,0,0,0,0
"393",19098642,1,1,1,1,2
"394",19098966,0,1,1,1,2
"395",19099419,0,1,1,1,2
"396",19113686,1,1,1,1,2
"397",19120959,0,1,1,1,2
"398",19121872,0,0,0,0,0
"399",19122665,0,1,1,1,2
"400",19123075,1,1,1,1,2
"401",19123952,1,1,1,1,2
"402",19133605,0,0,1,1,0
"403",19133916,0,1,0,0,0
"404",19134083,0,1,1,1,0
"405",19145323,0,0,0,0,0
"406",19149580,0,1,0,0,0
"407",19155622,0,0,0,0,0
"408",19157642,0,0,0,0,0
"409",19158116,0,0,0,0,0
"410",19160297,0,0,0,0,0
"411",19160307,0,0,0,0,0
"412",19183787,0,0,0,0,0
"413",19188532,0,0,0,0,0
"414",19195680,0,0,0,0,0
"415",19197949,0,0,0,0,0
"416",19223352,0,0,0,0,0
"417",19227275,0,0,0,0,0
"418",19236020,0,0,0,0,0
"419",19271831,1,0,1,1,0
"420",19280403,1,1,0,1,1
"421",19290969,2,2,2,2,2
"422",19310812,2,1,2,2,2
"423",19338412,0,1,0,0,0
"424",19342188,2,2,2,2,2
"425",19348199,1,1,1,1,2
"426",19365286,1,1,1,1,2
"427",19370586,0,0,0,0,0
"428",19372656,0,1,0,0,0
"429",19377483,0,0,0,0,0
"430",19380714,0,0,0,0,0
"431",19413706,0,0,0,0,0
"432",19423250,0,0,0,0,0
"433",19428511,1,1,1,1,2
"434",19430472,1,2,1,1,2
"435",19431038,1,2,1,1,2
"436",19448563,0,1,0,0,0
"437",19455836,0,1,0,0,0
"438",19458412,1,1,1,1,2
"439",19472280,0,1,0,0,0
"440",19479695,1,2,0,1,1
"441",19486391,1,1,0,1,1
"442",19505531,0,0,0,0,0
"443",19506456,0,1,0,0,0
"444",19513930,1,1,0,1,1
"445",19518079,1,2,0,1,1
"446",19522510,1,0,0,0,0
"447",19524902,0,0,1,0,1
"448",19532378,1,1,2,1,1
"449",19547879,1,0,1,0,1
"450",19550343,1,0,0,0,0
"451",19559409,0,0,0,0,0
"452",19565395,0,0,1,0,1
"453",19565732,0,0,0,0,0
"454",19567149,2,1,2,2,2
"455",19569995,2,2,2,2,2
"456",19579962,1,0,0,0,0
"457",19582961,0,0,0,0,0
"458",19583025,0,0,0,0,0
"459",19584672,1,1,0,0,0
"460",19585836,0,2,0,1,1
"461",19594436,1,2,1,1,2
"462",19601238,1,0,0,0,0
"463",19609256,1,1,2,1,1
"464",19609943,1,0,0,0,0
"465",19610682,1,0,0,0,0
"466",19613784,0,0,0,0,0
"467",19616341,0,0,0,0,0
"468",19620982,0,0,0,0,0
"469",19621011,0,1,1,1,0
"470",19623386,0,1,1,1,0
"471",19628737,0,0,0,0,0
"472",19632608,0,1,1,1,2
"473",19634330,0,1,1,1,2
"474",19636351,0,0,0,0,0
"475",19636858,2,2,2,2,2
"476",19638044,2,1,1,1,0
"477",19643245,2,2,2,2,2
"478",19643844,0,1,0,1,1
"479",19646034,0,1,0,0,0
"480",19649005,0,0,0,0,0
"481",19653058,0,2,0,1,1
"482",19654452,0,0,0,0,0
"483",19659099,2,2,0,1,1
"484",19665133,0,2,0,1,1
"485",19668110,0,2,1,2,1
"486",19668888,0,2,0,1,1
"487",19674992,0,0,1,1,0
"488",19675944,0,0,0,0,0
"489",19677822,0,0,1,1,0
"490",19678655,0,0,1,0,1
"491",19678836,0,0,0,0,0
"492",19679067,0,0,1,1,0
"493",19681349,0,0,1,0,1
"494",19681755,0,0,1,1,0
"495",19685895,0,2,1,1,2
"496",19690250,0,0,0,0,0
"497",19691502,0,2,2,2,2
"498",19698129,0,0,0,0,0
"499",19717320,0,2,0,1,1
"500",19721766,0,0,1,1,0
"501",19721988,0,0,0,0,0
"502",19724613,0,0,1,1,0
