SNP Position,Aunt,Dad,Mom,Daughter,Son,MAF,,SNP Position,Individual 1 ,Individual 2,Individual 3,Individual 4,Individual 5,Individual 6,Individual 7,Individual 8,Individual 9,Individual 10,Individual 11,Individual 12,Individual 13,Individual 14,Individual 15,Individual 16,Individual 17,Individual 18,Individual 19,Individual 20,Individual 21,Individual 22,Individual 23,Individual 24,Individual 25,Individual 26,Individual 27,Individual 28,Individual 29,Individual 30,Individual 31,Individual 32,Individual 33,Individual 34,Individual 35,Individual 36,Individual 37,Individual 38
17054720,0,1,1,1,2,0.243093923,,17054720,0,0,1,0,0,0,0,1,0,1,0,0,0,1,0,0,0,0,0,0,0,1,0,0,1,0,0,0,0,0,0,1,1,0,2,0,0,1
17075353,2,2,2,2,2,0.732044199,,17075353,2,1,2,2,2,2,2,2,1,2,2,2,2,0,2,2,2,2,2,2,2,0,2,1,2,2,2,2,2,2,2,1,2,2,1,2,2,1
17087656,1,2,2,2,2,0.55801105,,17087656,2,1,1,1,1,1,1,2,0,1,2,0,0,0,1,1,1,2,2,1,2,0,0,0,1,2,2,2,2,2,0,1,1,1,1,1,2,1
17094749,2,2,1,2,1,0.79558011,,17094749,2,2,2,2,2,2,2,2,2,1,1,2,2,2,2,2,2,1,1,2,0,1,2,2,2,2,2,2,1,2,2,2,2,2,1,2,1,1
17112342,0,0,0,0,0,0.038674033,,17112342,0,1,0,0,0,0,0,0,1,0,0,0,0,0,0,0,0,0,0,0,0,0,0,0,0,0,0,0,0,0,0,0,0,0,0,0,0,0
17154984,0,0,0,0,0,0.033149171,,17154984,0,1,0,0,0,0,0,0,1,0,0,0,0,0,0,0,0,0,0,0,0,0,0,0,0,0,0,0,0,0,0,0,0,0,0,0,0,0
17169522,1,2,1,1,2,0.690607735,,17169522,2,1,2,2,1,1,1,2,2,1,2,0,2,1,1,2,2,2,2,2,0,2,1,1,2,1,0,1,2,2,0,1,2,1,0,2,0,1
17178586,1,1,0,0,0,0.005524862,,17178586,0,0,0,0,0,0,0,0,0,0,0,0,0,0,0,0,0,0,0,0,0,0,0,0,0,0,0,0,0,0,0,0,0,0,0,0,0,0
17189718,0,0,0,0,0,0,,17189718,0,0,0,0,0,0,0,0,0,0,0,0,0,0,0,0,0,0,0,0,0,0,0,0,0,0,0,0,0,0,0,0,0,0,0,0,0,0
17203103,2,2,2,2,2,0.776243094,,17203103,2,1,2,2,2,1,2,1,2,2,2,1,2,1,2,2,2,1,2,2,2,2,2,1,2,1,1,1,1,2,1,1,2,0,2,2,2,2
17214252,2,2,2,2,2,0.906077348,,17214252,2,1,2,2,2,1,2,2,2,2,2,1,2,1,2,2,2,1,2,2,2,2,2,1,2,1,1,1,1,2,1,1,2,1,2,2,2,2
17256231,1,2,1,1,2,0.444751381,,17256231,2,2,0,2,1,0,1,0,2,0,0,0,0,0,0,2,1,0,2,2,2,2,2,0,1,1,1,0,0,2,0,0,1,0,0,2,2,0
17264565,2,2,2,2,2,0.541436464,,17264565,2,2,0,2,2,0,1,2,2,0,0,0,0,0,0,2,1,1,2,2,2,2,2,2,1,0,2,0,1,2,2,0,1,0,0,0,2,0
17265124,2,2,2,2,2,0.665745856,,17265124,2,2,0,2,2,0,1,2,2,0,0,0,0,0,0,2,1,1,2,2,2,2,2,2,1,0,2,0,1,2,2,0,1,1,0,2,2,2
17273728,0,2,0,1,1,0.306629834,,17273728,2,2,0,2,1,0,0,0,1,0,0,0,1,0,0,0,0,0,1,1,2,0,1,1,0,1,1,0,0,2,0,0,0,0,0,2,0,1
17281931,0,0,0,0,0,0.342541436,,17281931,2,1,1,0,0,0,1,1,0,1,1,1,0,1,0,1,1,1,2,1,0,2,0,0,1,0,0,1,2,0,0,1,1,0,0,1,0,2
17285949,1,2,1,2,1,0.273480663,,17285949,0,1,1,2,1,0,1,1,1,1,0,0,1,0,1,1,1,0,0,1,0,0,2,1,0,2,1,0,0,2,1,0,0,1,0,1,0,0
17288988,0,0,0,0,0,0.049723757,,17288988,0,0,0,0,0,0,0,0,0,0,0,0,0,0,0,0,0,0,0,0,0,0,0,0,0,0,0,0,0,0,0,0,0,0,0,0,0,0
17289118,2,2,1,2,1,0.814917127,,17289118,2,2,2,2,2,1,2,2,2,2,1,1,1,2,1,2,2,2,2,2,2,2,2,2,2,2,2,2,2,2,2,2,2,1,0,2,2,2
17294251,1,1,2,2,2,0.596685083,,17294251,2,1,1,1,0,1,1,2,0,1,2,2,1,1,1,1,1,1,2,1,0,2,0,0,1,1,0,1,2,0,0,1,1,1,2,1,1,2
17301217,1,1,0,0,0,0.350828729,,17301217,0,1,0,1,2,1,1,0,1,1,0,0,1,1,1,1,1,1,0,1,2,0,2,1,0,1,1,1,0,2,1,1,1,1,0,1,0,0
17301843,2,2,2,2,2,0.872928177,,17301843,1,2,1,2,2,2,2,2,1,2,1,2,2,2,2,2,2,2,1,2,2,2,2,1,1,2,1,1,2,2,1,2,2,2,2,1,1,1
17304246,1,1,1,0,1,0.563535912,,17304246,0,1,0,1,2,2,1,0,1,1,1,1,2,1,2,1,1,1,0,1,2,0,2,1,0,1,1,1,0,2,1,1,1,2,2,1,1,0
17304887,1,1,0,0,0,0.35359116,,17304887,0,1,0,1,2,1,1,0,1,1,0,0,1,1,1,1,1,1,0,1,2,0,2,1,0,1,1,1,0,2,1,1,1,1,0,1,1,0
17306104,0,0,1,0,1,0.193370166,,17306104,0,0,0,0,0,1,0,0,0,0,1,1,1,0,1,0,0,0,0,0,0,0,0,0,0,0,0,0,0,0,0,0,0,1,2,0,0,0
17310741,2,1,2,1,1,0.541436464,,17310741,0,1,0,2,2,2,1,0,1,1,1,1,2,1,2,1,1,1,0,1,2,0,2,1,0,1,1,1,0,2,1,1,1,2,2,1,1,0
17312596,2,1,1,1,0,0.383977901,,17312596,0,1,0,2,2,1,1,0,1,1,0,0,1,1,1,1,1,1,0,1,2,0,2,1,0,1,1,1,0,2,1,1,1,1,0,1,1,0
17315102,0,1,0,1,1,0.276243094,,17315102,1,1,1,0,0,0,1,2,0,1,0,1,0,1,0,1,1,1,1,1,0,2,0,0,1,1,0,0,2,0,0,1,1,0,0,0,0,1
17315503,0,2,1,1,2,0.79558011,,17315503,2,2,2,1,1,1,2,2,1,2,2,2,2,1,2,2,2,1,2,2,0,2,2,1,1,2,2,1,2,2,1,2,1,2,2,2,1,2
17317233,0,2,1,1,2,0.79558011,,17317233,2,2,2,1,1,1,2,2,1,2,2,2,2,1,2,2,2,1,2,2,0,2,2,1,1,2,2,1,2,2,1,2,1,2,2,2,1,2
17318150,1,1,2,1,1,0.527624309,,17318150,1,1,1,2,1,1,1,0,1,1,2,1,2,0,2,1,1,0,1,1,0,0,2,1,0,1,2,1,0,2,1,1,0,2,2,2,1,1
17319156,1,2,2,2,2,0.845303867,,17319156,2,2,2,2,1,1,2,2,1,2,2,2,2,1,2,2,2,1,2,2,2,2,2,1,1,2,2,1,2,2,1,2,1,2,2,2,2,2
17326181,1,2,2,2,2,0.563535912,,17326181,1,1,1,2,1,1,1,0,1,1,2,1,2,0,2,1,1,0,1,1,2,0,2,1,0,1,2,1,0,2,1,1,0,2,1,2,2,1
17326432,0,0,0,0,0,0.267955801,,17326432,1,1,1,0,0,0,1,2,0,1,0,1,0,1,0,1,1,1,1,1,0,2,0,0,1,1,0,0,2,0,0,1,1,0,0,0,0,1
17394989,1,1,1,2,1,0.243093923,,17394989,2,1,1,0,1,1,2,0,0,1,0,0,0,0,0,1,1,1,0,2,0,1,0,0,1,2,1,0,0,0,0,0,0,0,1,0,0,1
17395610,1,0,1,1,0,0.138121547,,17395610,2,1,0,0,1,0,1,0,0,0,0,0,0,0,0,0,1,1,0,1,0,0,0,0,0,1,1,0,0,0,0,0,0,0,1,0,0,1
17396612,1,0,1,1,0,0.138121547,,17396612,2,1,0,0,1,0,1,0,0,0,0,0,0,0,0,0,1,1,0,1,0,0,0,0,0,1,1,0,0,0,0,0,0,0,1,0,0,1
17397875,1,0,1,1,0,0.171270718,,17397875,1,2,0,0,1,0,1,0,0,0,0,0,0,0,0,1,1,1,0,1,0,0,0,0,0,1,1,0,0,0,0,0,0,0,1,0,0,1
17398508,2,1,2,1,1,0.364640884,,17398508,2,1,0,0,1,0,1,2,0,0,1,0,0,0,0,1,1,2,2,1,2,0,0,1,1,1,1,2,0,0,0,0,1,0,1,1,0,1
17398800,2,2,2,2,2,0.812154696,,17398800,2,2,1,1,2,0,2,2,1,1,1,2,1,1,1,2,2,2,2,1,2,1,1,2,2,2,1,2,1,2,1,0,2,2,1,1,1,2
17398812,1,1,1,0,1,0.187845304,,17398812,0,0,0,0,0,0,0,2,0,0,1,0,0,0,0,1,0,1,2,0,2,0,0,1,1,0,0,2,0,0,0,0,1,0,0,1,0,0
17399211,2,2,2,2,2,0.845303867,,17399211,2,2,1,1,2,1,2,2,1,1,1,2,1,1,1,2,2,2,2,2,2,1,1,2,2,2,1,2,2,2,1,0,2,2,1,1,0,2
17407349,0,1,0,1,1,0.450276243,,17407349,0,1,1,1,1,1,1,0,1,1,0,1,1,1,1,1,1,0,0,0,0,0,1,1,1,1,0,0,1,2,1,0,0,2,0,0,0,1
17407566,1,1,1,0,1,0.209944751,,17407566,0,0,0,0,0,0,0,2,0,0,0,1,0,0,1,1,0,1,2,0,2,1,1,1,1,0,0,2,1,0,1,0,1,0,0,1,0,0
17409897,1,1,0,0,0,0.129834254,,17409897,0,0,0,0,0,0,0,2,0,0,0,1,0,0,1,0,0,1,2,0,0,1,1,1,1,0,0,1,1,0,1,0,1,0,0,0,0,0
17410373,0,1,0,1,1,0.455801105,,17410373,0,1,1,1,1,1,1,0,1,1,0,1,1,1,1,1,1,0,0,0,0,0,1,1,1,1,0,0,1,2,1,0,0,2,0,0,2,1
17411899,0,1,0,1,1,0.240331492,,17411899,0,0,1,0,1,0,1,0,1,1,0,1,1,0,0,1,1,0,0,0,0,0,1,1,1,1,0,0,1,0,0,0,0,1,0,0,2,1
17412216,2,1,2,1,1,0.397790055,,17412216,2,1,0,0,1,0,1,2,0,0,1,1,0,0,1,1,1,2,2,1,2,1,1,1,1,1,1,2,1,0,1,0,1,0,1,1,0,1
17412806,2,1,2,1,1,0.698895028,,17412806,2,2,1,1,1,1,2,2,0,2,2,0,1,1,2,2,1,2,2,2,2,2,1,1,1,2,2,1,1,1,2,2,2,1,2,1,2,1
17414103,0,0,1,0,1,0.102209945,,17414103,0,1,0,0,1,0,0,0,0,0,0,0,0,0,1,1,0,1,0,0,2,1,1,0,1,0,0,1,0,0,1,0,1,0,0,0,1,0
17414640,0,0,0,0,0,0.29281768,,17414640,0,0,0,1,0,1,1,0,1,2,1,0,0,2,0,1,1,0,0,0,0,0,1,0,0,1,2,1,0,0,1,1,0,1,0,0,0,0
17415572,0,0,0,0,0,0.085635359,,17415572,0,1,1,1,0,0,0,0,0,0,0,0,0,0,0,0,0,0,0,1,0,0,0,1,0,1,0,0,0,0,0,0,0,0,0,0,0,0
17427037,0,0,0,0,0,0.099447514,,17427037,0,1,1,1,0,0,0,0,0,0,0,0,0,0,0,1,0,0,0,1,0,0,0,1,0,1,0,0,0,0,0,0,0,0,0,1,1,0
17429384,0,1,1,1,2,0.350828729,,17429384,0,1,1,0,1,0,0,1,1,0,0,2,1,0,1,0,0,0,0,0,2,1,2,1,1,0,0,1,2,1,1,0,1,1,1,2,1,0
17429434,0,0,1,0,1,0.099447514,,17429434,0,1,0,0,1,0,0,0,1,0,0,0,0,0,1,0,0,0,0,0,2,1,2,0,1,0,0,1,0,0,1,0,1,0,0,0,0,0
17433210,1,0,1,1,0,0.367403315,,17433210,1,0,0,1,1,1,1,0,0,2,1,0,0,2,0,1,1,0,0,0,0,0,0,0,0,1,2,1,0,0,1,1,1,1,0,0,1,1
17433888,0,0,0,0,0,0.002762431,,17433888,0,0,0,0,0,0,0,0,0,0,0,0,0,0,0,0,0,0,0,0,0,0,0,0,0,0,0,0,0,0,0,0,0,0,0,0,0,0
17434084,1,1,2,2,2,0.817679558,,17434084,1,2,2,2,2,1,1,1,1,2,1,2,1,2,2,2,1,0,0,1,2,1,2,2,1,2,2,2,2,1,2,1,2,2,1,2,2,1
17436846,1,0,2,1,1,0.477900552,,17436846,1,1,0,1,2,1,1,0,1,2,1,0,0,2,1,2,1,0,0,0,2,1,2,0,1,1,2,2,0,0,2,1,2,1,0,2,2,1
17442154,0,0,0,0,0,0.074585635,,17442154,0,1,1,1,0,0,0,0,0,0,1,0,0,0,0,0,0,0,0,1,0,0,0,1,0,1,0,0,0,0,0,0,0,0,0,0,0,0
17443131,0,1,0,1,1,0.240331492,,17443131,0,0,1,0,0,0,0,1,0,0,0,2,1,0,1,0,0,0,0,0,0,0,0,1,0,0,0,0,2,1,0,0,0,1,1,0,0,0
17445502,1,0,2,1,1,0.552486188,,17445502,1,2,1,2,2,1,1,0,1,2,1,0,0,2,1,2,1,0,0,1,2,1,2,1,1,2,2,2,0,0,2,1,2,1,0,2,2,1
17446157,0,0,0,0,0,0.03038674,,17446157,0,0,0,0,0,0,0,0,0,0,0,0,1,0,0,0,0,0,0,0,0,0,0,0,0,0,0,0,0,0,0,1,0,0,0,0,0,0
17446914,0,1,0,1,1,0.237569061,,17446914,0,0,1,0,0,0,0,1,0,0,0,2,1,0,1,0,0,0,0,0,0,0,0,1,0,0,0,0,2,1,0,0,0,1,1,0,0,0
17452966,1,1,2,2,2,0.837016575,,17452966,1,2,2,2,2,1,1,1,1,2,2,2,1,2,2,2,1,0,0,2,2,1,2,2,1,2,2,2,2,1,2,1,2,2,1,2,2,1
17462185,1,1,2,2,2,0.790055249,,17462185,1,2,2,1,2,1,1,1,1,2,1,2,1,2,2,1,1,0,0,1,2,1,2,2,1,2,2,2,2,1,2,1,2,2,1,2,2,1
17467411,0,0,0,0,0,0.063535912,,17467411,0,1,1,1,0,0,0,0,0,0,0,0,0,0,0,0,0,0,0,0,0,0,0,1,0,1,0,0,0,0,0,0,0,0,0,0,0,0
17467684,0,0,0,0,0,0.063535912,,17467684,0,1,1,1,0,0,0,0,0,0,0,0,0,0,0,0,0,0,0,0,0,0,0,1,0,1,0,0,0,0,0,0,0,0,0,0,0,0
17470779,0,1,0,1,1,0.212707182,,17470779,0,0,1,0,0,0,0,0,0,0,0,2,1,0,1,0,0,0,0,0,0,0,0,0,0,0,0,0,2,1,0,0,0,1,1,0,0,0
17488195,1,0,1,1,0,0.392265193,,17488195,1,0,0,1,1,1,0,0,0,2,1,0,0,2,0,1,1,0,0,1,0,0,0,0,0,1,2,1,0,0,1,1,1,1,0,1,1,1
17489577,0,0,0,0,0,0.129834254,,17489577,0,0,0,1,0,0,0,0,0,0,1,0,0,0,0,0,0,0,0,1,0,0,0,0,0,0,0,0,0,0,1,0,0,0,0,1,1,0
17489890,0,0,0,0,0,0.05801105,,17489890,0,1,1,1,0,0,0,0,0,0,0,0,0,0,0,0,0,0,0,0,0,0,0,1,0,1,0,0,0,0,0,0,0,0,0,0,0,0
17490932,1,1,2,2,2,0.671270718,,17490932,1,1,2,2,0,2,0,1,2,1,2,1,2,2,1,1,2,0,0,2,2,2,0,2,1,2,0,1,1,2,1,2,1,0,2,1,2,2
17492203,1,0,1,1,0,0.461325967,,17492203,0,1,1,1,0,2,0,1,0,1,2,1,1,2,0,1,1,0,0,2,2,2,0,1,1,2,0,1,0,0,1,1,1,0,2,1,2,2
17492452,0,1,1,1,2,0.248618785,,17492452,1,0,1,1,0,0,0,0,2,0,0,0,1,0,1,0,1,0,0,0,0,0,0,1,0,0,2,0,1,2,0,1,0,1,0,0,0,0
17493293,1,1,2,2,2,0.820441989,,17493293,1,1,2,2,0,2,1,2,2,1,2,1,2,2,1,1,2,1,2,2,2,2,1,2,2,2,2,1,1,2,1,2,1,1,2,1,2,2
17493708,1,1,2,2,2,0.776243094,,17493708,2,1,2,2,1,2,1,1,2,1,2,1,2,2,1,1,2,1,0,2,0,2,1,2,0,2,2,0,1,2,1,2,1,1,1,2,2,2
17493792,1,1,1,2,1,0.616022099,,17493792,1,1,2,2,0,2,0,1,2,1,2,1,2,1,1,1,2,0,0,1,0,2,0,2,0,1,2,0,1,2,0,2,1,1,1,0,1,0
17494101,0,0,0,0,0,0.033149171,,17494101,0,0,0,0,0,0,0,0,0,0,0,0,0,0,0,0,0,0,0,0,0,0,0,0,0,0,0,0,0,0,0,0,1,0,0,0,0,0
17494547,0,1,0,1,1,0.287292818,,17494547,1,0,2,1,0,2,0,1,2,0,1,0,1,1,1,1,1,0,0,0,0,0,0,2,0,0,0,0,1,2,0,1,0,0,0,0,0,0
17524203,0,0,0,0,0,0.069060773,,17524203,1,1,0,0,1,0,0,0,0,0,0,0,0,0,0,0,0,0,0,0,0,0,0,0,0,1,0,0,0,0,0,0,0,0,0,0,1,0
17525584,1,1,1,2,1,0.464088398,,17525584,1,0,2,1,0,2,1,1,2,1,1,0,1,2,1,1,2,1,0,1,0,1,1,2,0,0,0,0,1,2,1,2,1,0,0,1,0,0
17525970,1,1,1,2,1,0.400552486,,17525970,1,0,2,1,0,2,1,1,2,1,1,0,1,2,1,1,2,1,0,1,0,1,1,2,0,0,0,0,1,2,1,2,1,0,0,1,0,0
17529814,1,1,1,2,1,0.522099448,,17529814,1,0,2,1,0,2,1,1,2,1,1,1,2,2,1,1,2,1,0,1,0,2,1,2,0,0,0,0,1,2,1,2,1,0,1,1,1,0
17541673,0,0,0,0,0,0.187845304,,17541673,1,1,0,0,1,0,0,0,0,0,0,1,1,0,0,0,0,0,0,0,0,1,0,0,0,1,0,0,0,0,0,0,0,0,1,0,1,0
17545859,0,0,0,0,0,0.077348066,,17545859,0,0,0,1,0,0,0,0,0,0,0,0,0,0,0,0,0,0,0,1,0,0,0,0,0,1,2,0,0,0,0,0,0,1,0,1,0,0
17549526,1,1,1,2,1,0.662983425,,17549526,2,1,2,2,1,2,1,1,2,1,1,1,2,2,1,1,2,1,0,2,0,2,1,2,0,2,2,0,1,2,1,2,1,1,1,1,2,0
17557144,1,1,1,2,1,0.657458564,,17557144,2,1,2,2,1,2,1,1,2,1,1,1,2,2,1,1,2,1,0,2,0,2,1,2,0,2,2,0,1,2,1,2,1,1,1,1,2,0
17567699,1,1,1,2,1,0.491712707,,17567699,1,0,2,2,0,2,1,1,2,1,1,0,1,2,1,1,2,1,0,2,0,1,1,2,0,1,2,0,1,2,1,2,1,1,0,0,0,0
17575800,1,0,1,1,0,0.168508287,,17575800,0,0,0,1,0,0,0,1,0,1,0,0,1,0,0,0,0,0,0,1,0,0,0,1,0,0,2,0,0,1,0,1,0,1,0,1,0,0
17580394,0,1,0,1,1,0.179558011,,17580394,0,0,0,1,0,0,0,0,1,0,0,0,0,1,1,1,1,0,0,0,0,0,0,0,0,0,0,1,2,0,0,0,1,0,0,0,1,0
17580813,0,1,0,1,1,0.334254144,,17580813,1,0,1,2,1,1,1,0,2,1,1,1,0,1,1,0,2,1,0,1,0,1,2,0,1,1,0,1,2,1,0,0,1,0,1,0,1,0
17585441,2,2,1,2,1,0.281767956,,17585441,1,1,1,1,1,1,0,1,1,1,1,1,1,1,0,1,0,2,0,0,0,2,0,0,0,1,1,0,0,0,0,0,1,1,1,1,1,0
17586471,2,2,2,2,2,0.762430939,,17586471,1,2,1,1,1,2,0,1,1,2,2,1,2,2,1,2,2,2,2,2,0,2,2,1,0,2,1,2,2,2,1,1,1,1,2,2,2,2
17587680,1,0,0,0,0,0.309392265,,17587680,1,1,1,1,1,1,0,0,1,2,1,0,1,0,1,0,1,0,0,0,0,1,0,0,0,1,1,0,2,2,0,0,1,0,1,1,0,0
17587975,1,1,2,1,1,0.262430939,,17587975,0,1,0,0,0,1,0,1,0,0,1,0,0,2,0,1,1,2,2,2,0,1,2,1,0,1,0,1,0,0,1,0,0,1,1,0,1,0
17589209,1,1,1,1,0,0.196132597,,17589209,0,1,0,0,0,0,0,1,0,0,1,0,0,1,0,1,0,2,0,0,0,2,1,0,0,1,0,0,0,0,0,0,0,1,2,1,0,0
17589246,0,0,1,0,1,0.102209945,,17589246,0,0,0,0,0,1,0,0,0,0,0,0,0,1,0,0,1,0,2,2,0,0,1,1,0,0,0,1,0,0,1,0,0,0,0,0,1,0
17593685,1,2,1,1,2,0.745856354,,17593685,1,2,1,1,2,2,0,1,2,2,2,1,1,2,1,1,2,1,2,2,0,2,2,1,0,2,2,2,2,2,1,0,1,1,2,2,2,2
17594915,0,2,1,1,2,0.455801105,,17594915,0,2,0,0,0,1,0,1,1,1,2,0,0,2,1,0,2,1,2,2,0,2,2,1,0,2,0,2,2,2,1,0,0,1,1,0,1,0
17597462,0,0,0,0,0,0.174033149,,17597462,0,0,0,0,1,0,0,0,0,0,0,0,0,0,0,0,0,0,0,0,0,0,0,0,0,0,1,0,0,0,0,0,0,0,1,1,0,2
17603801,1,1,2,2,2,0.417127072,,17603801,0,2,0,1,0,1,0,1,0,1,1,0,0,1,1,1,2,0,2,1,0,1,2,1,0,2,1,1,2,2,1,1,0,0,0,0,1,0
17605824,2,2,2,2,2,0.803867403,,17605824,1,2,1,1,2,2,0,1,2,2,2,1,1,2,1,2,2,1,2,2,0,2,2,1,0,2,2,1,2,2,1,1,1,0,2,2,2,2
17611515,1,0,1,1,0,0.397790055,,17611515,0,2,0,1,1,0,0,0,0,1,0,0,0,0,1,0,1,0,0,0,0,0,0,0,0,1,1,0,2,2,0,1,0,0,1,1,1,2
17615213,1,1,0,0,0,0.350828729,,17615213,1,0,1,0,2,1,0,0,2,1,1,1,1,1,0,1,0,1,0,1,0,1,0,0,0,0,1,1,0,0,0,0,1,0,1,0,1,0
17616217,1,0,1,1,0,0.290055249,,17616217,0,2,0,1,0,0,0,0,0,1,0,0,0,0,1,0,1,0,0,0,0,0,0,0,0,1,1,0,2,2,0,1,0,0,1,1,0,2
17618142,1,1,1,1,2,0.251381215,,17618142,1,0,0,0,0,1,0,1,0,0,1,1,0,1,0,1,1,0,2,1,0,1,2,2,0,0,1,0,0,0,1,0,1,0,0,1,2,0
17619292,0,1,0,0,0,0.157458564,,17619292,0,0,1,0,1,1,0,0,2,1,1,0,1,1,0,1,0,1,0,1,0,1,0,0,0,1,0,1,0,0,0,0,0,0,1,0,0,0
17620130,0,0,0,0,0,0.03038674,,17620130,0,0,0,0,0,0,0,0,0,0,0,0,0,0,0,0,0,0,0,0,0,0,0,0,0,0,0,0,0,0,0,0,0,0,0,0,0,0
17621704,0,1,1,1,2,0.165745856,,17621704,0,0,0,0,0,1,0,1,0,0,1,0,0,1,0,1,1,0,2,0,0,1,2,2,0,0,0,0,0,0,1,0,0,0,0,0,1,0
17622267,0,0,0,0,0,0.110497238,,17622267,0,0,0,0,1,0,0,0,0,0,0,0,0,0,0,0,0,0,0,0,0,0,0,0,0,0,0,0,0,0,0,0,0,0,0,0,0,0
17626665,2,2,2,2,2,0.803867403,,17626665,1,2,1,1,2,2,0,1,2,2,2,1,1,2,1,2,2,1,2,2,0,2,2,2,0,2,2,1,2,2,1,1,1,0,2,2,2,2
17630486,2,1,1,1,0,0.555248619,,17630486,1,1,1,1,1,1,0,0,2,2,1,1,0,1,1,1,1,1,0,1,0,1,0,0,0,2,2,1,2,2,0,0,1,0,2,1,1,2
17643546,2,2,2,2,2,0.801104972,,17643546,1,2,1,1,2,2,0,1,2,2,2,1,1,2,1,2,2,1,2,2,0,2,2,2,1,2,2,1,2,2,1,1,1,0,2,2,2,2
17647862,1,0,0,0,0,0.372928177,,17647862,1,1,1,1,1,2,1,0,1,2,0,1,0,2,0,0,1,0,1,0,0,0,1,1,1,1,2,0,0,2,0,0,1,0,1,1,0,2
17649774,2,0,2,1,1,0.665745856,,17649774,1,2,1,2,2,2,1,1,1,2,0,1,1,2,1,1,2,1,2,1,0,1,2,2,0,1,2,0,2,2,1,1,1,0,2,2,2,2
17656724,1,0,1,1,0,0.35359116,,17656724,0,1,1,1,1,2,1,0,1,2,0,1,0,2,0,0,1,0,1,0,0,0,1,1,0,1,0,0,1,2,0,0,0,0,2,1,1,2
17658341,0,1,1,1,2,0.339779006,,17658341,0,1,0,1,0,0,0,1,1,0,2,0,1,0,1,2,1,1,1,1,0,2,1,1,0,1,1,1,1,0,1,1,0,0,0,1,0,0
17663117,1,0,2,1,1,0.209944751,,17663117,0,1,0,2,0,0,0,1,0,0,0,0,1,0,1,2,1,1,1,0,0,1,1,2,0,0,1,0,2,0,1,1,0,0,0,0,1,0
17665413,2,1,2,2,2,0.814917127,,17665413,1,2,1,2,2,2,1,1,2,2,2,1,1,2,1,2,2,1,2,2,0,2,2,2,0,2,2,1,2,2,1,1,1,0,2,2,2,2
17669306,1,1,0,1,1,0.281767956,,17669306,1,1,0,0,0,0,0,0,1,1,2,0,1,0,1,0,0,0,0,2,0,1,0,0,0,1,0,0,1,0,0,0,0,0,1,1,2,0
17670256,0,0,1,0,1,0.569060773,,17670256,1,2,1,2,1,2,1,1,1,2,0,1,1,2,0,2,1,1,2,0,0,1,2,1,1,0,1,1,1,0,1,2,0,0,2,1,1,1
17674117,0,1,0,1,1,0.190607735,,17674117,1,0,0,0,1,0,1,0,1,0,2,0,0,0,1,0,1,0,0,1,0,1,0,1,0,2,1,0,1,2,0,0,0,0,0,0,0,0
17675900,1,0,1,0,1,0.464088398,,17675900,0,0,0,2,1,0,1,1,0,0,1,0,1,0,0,1,1,1,1,2,0,1,0,1,1,0,2,0,0,0,1,0,0,0,1,2,1,2
17676590,0,0,0,0,0,0.190607735,,17676590,0,0,0,1,0,0,0,1,0,0,0,0,0,0,0,1,1,1,0,1,0,0,0,1,1,0,1,0,0,0,1,0,0,0,0,0,0,1
17677699,1,2,1,1,2,0.613259669,,17677699,0,1,0,1,1,0,1,1,1,1,1,1,1,0,0,1,2,2,1,2,0,1,0,1,1,0,2,1,1,0,1,0,1,0,0,2,2,1
17680519,1,0,1,1,0,0.378453039,,17680519,2,1,2,1,1,2,1,1,1,1,1,1,1,2,2,1,0,1,2,0,2,2,2,1,1,2,0,1,1,2,1,2,1,2,2,0,0,1
17682165,0,1,1,0,1,0.110497238,,17682165,0,0,0,0,0,0,0,0,0,1,0,0,0,0,0,0,1,0,0,1,0,0,0,0,0,0,0,1,0,0,0,0,1,0,0,0,0,0
17682294,2,2,2,2,2,0.67679558,,17682294,2,1,1,1,1,2,2,1,2,2,2,1,1,2,2,1,1,2,2,1,2,2,2,1,1,2,1,2,1,2,1,2,2,2,2,1,2,1
17688402,0,0,0,0,0,0.171270718,,17688402,0,0,0,1,0,0,0,0,0,0,0,0,0,0,0,1,1,0,1,1,0,0,0,1,1,0,1,0,0,0,0,0,0,0,0,0,0,1
17697781,1,1,1,1,2,0.607734807,,17697781,0,0,1,2,1,1,1,1,1,1,1,0,0,1,2,2,2,1,2,2,0,1,1,2,1,1,2,1,0,2,0,0,1,0,1,2,1,2
17700284,1,1,1,1,2,0.613259669,,17700284,0,0,1,2,1,1,1,2,1,1,1,0,0,1,2,2,2,1,2,2,0,1,1,2,1,1,2,1,0,2,0,0,1,0,1,2,2,2
17705622,1,1,1,1,2,0.505524862,,17705622,0,0,1,2,1,1,2,1,0,1,1,0,0,1,2,2,2,0,2,2,0,1,1,2,1,1,2,1,0,1,0,0,1,0,1,1,0,2
17705808,1,1,1,1,2,0.640883978,,17705808,1,0,2,2,1,2,2,1,0,2,2,0,1,1,2,2,2,1,2,2,0,2,1,2,2,2,2,1,1,1,0,1,2,2,2,1,0,2
17710860,0,0,1,0,1,0.124309392,,17710860,0,0,0,0,0,0,1,1,0,0,0,0,0,0,0,0,2,0,0,0,0,0,0,1,0,0,1,0,0,0,0,0,0,0,0,0,0,0
17712611,2,2,1,2,1,0.513812155,,17712611,0,0,0,1,1,2,0,0,1,2,1,0,0,1,2,2,0,2,2,2,0,1,1,1,1,1,1,0,0,2,0,0,1,0,1,2,1,2
17718119,2,1,1,2,1,0.505524862,,17718119,2,2,1,0,0,1,1,0,2,0,2,1,1,1,0,1,1,0,2,1,2,1,2,1,1,0,1,1,1,0,1,1,1,1,0,0,0,0
17718606,0,0,0,0,0,0.162983425,,17718606,0,0,0,0,0,0,0,1,0,0,0,0,1,0,0,0,0,0,0,0,0,0,0,0,0,0,0,0,0,0,0,0,0,1,1,0,2,0
17722536,1,1,0,1,1,0.613259669,,17722536,1,0,2,1,1,1,2,1,1,2,0,1,1,1,1,1,1,0,1,2,1,1,1,0,1,1,2,1,1,2,2,1,1,2,2,0,2,2
17722885,0,0,0,0,0,0.096685083,,17722885,0,0,0,0,0,0,0,0,1,0,0,0,0,0,0,0,0,0,0,0,0,0,0,0,0,0,0,0,0,0,0,0,1,1,2,0,0,1
17724093,1,1,0,1,1,0.320441989,,17724093,1,0,1,0,0,0,1,1,2,0,0,1,2,1,1,0,0,0,1,0,1,0,1,0,1,0,1,1,1,0,0,1,0,2,1,1,1,0
17729044,1,1,0,1,1,0.187845304,,17729044,0,0,1,1,0,2,1,0,0,0,1,0,1,0,1,0,0,0,1,1,0,0,0,0,0,1,0,0,1,0,1,1,1,1,0,0,1,1
17731977,0,1,0,0,0,0.14640884,,17731977,0,0,0,0,0,0,0,0,0,0,0,0,1,0,0,0,0,0,1,0,0,0,1,1,0,0,1,0,0,0,0,0,1,1,1,0,0,0
17733896,0,1,0,0,0,0.091160221,,17733896,0,1,0,0,0,0,0,0,0,0,0,0,0,0,0,0,0,0,1,0,0,0,1,1,0,0,1,0,0,0,0,0,1,1,1,0,0,0
17735191,0,0,0,0,0,0.041436464,,17735191,0,1,0,0,0,0,0,0,0,0,0,0,0,0,0,0,0,0,1,0,0,0,1,1,0,0,0,0,0,0,0,0,1,1,0,0,0,0
17744553,1,0,2,1,1,0.298342541,,17744553,1,0,0,0,0,0,0,1,0,1,0,1,2,1,0,1,1,1,1,1,0,0,0,1,1,1,0,0,1,1,1,0,1,1,0,1,0,1
17759549,0,0,0,0,0,0.033149171,,17759549,0,0,0,0,0,0,0,0,0,0,0,0,0,0,0,0,0,0,0,0,0,0,0,1,0,0,0,0,0,0,0,0,0,0,0,0,0,0
17760350,0,0,0,0,0,0.135359116,,17760350,0,0,0,0,0,0,0,0,0,0,0,0,0,0,0,0,0,1,1,1,0,0,1,0,1,1,0,0,1,0,2,0,0,0,0,0,0,0
17761425,0,0,0,0,0,0.218232044,,17761425,0,0,0,0,0,0,0,0,0,0,0,1,1,0,0,1,0,1,1,1,0,0,1,1,1,1,0,0,1,0,2,0,0,0,0,0,1,0
17766115,0,0,0,0,0,0.20718232,,17766115,0,0,0,0,0,0,0,1,0,0,0,0,0,0,0,0,0,1,0,2,0,0,1,0,0,0,0,0,1,1,1,0,0,0,0,0,1,0
17784602,0,0,0,0,0,0.113259669,,17784602,0,0,0,0,0,0,0,0,0,0,0,0,0,0,0,0,0,1,0,1,0,1,0,0,1,1,0,1,0,0,0,0,0,1,0,1,1,0
17790349,0,0,0,0,0,0.14640884,,17790349,1,0,0,1,1,0,1,0,2,0,1,1,1,0,0,1,0,0,1,0,0,0,1,0,0,1,0,0,0,0,0,1,0,0,1,0,0,0
17791564,1,1,0,0,0,0.629834254,,17791564,1,2,1,2,1,1,2,1,2,0,1,1,1,1,2,2,0,1,2,2,1,1,1,1,2,2,2,1,0,0,2,1,2,1,2,1,1,1
17795408,1,0,0,0,0,0.23480663,,17795408,0,0,0,0,0,1,0,0,0,0,0,1,1,1,0,0,1,0,1,0,0,1,0,1,1,1,0,1,0,0,1,0,1,1,0,1,1,1
17798800,0,1,0,0,0,0.209944751,,17798800,1,1,0,0,0,1,0,0,0,0,0,0,1,1,0,0,1,0,0,0,1,1,0,1,1,1,1,1,0,0,1,0,1,1,0,1,1,1
17799529,0,0,0,0,0,0.154696133,,17799529,0,1,0,0,0,1,0,0,0,0,0,0,1,1,0,0,0,0,0,0,0,1,0,1,1,1,1,1,0,0,0,0,0,1,0,1,1,0
17800472,1,0,1,1,0,0.287292818,,17800472,0,1,0,0,0,1,0,0,0,0,0,0,1,1,0,1,0,1,1,0,0,1,0,1,2,1,1,1,0,0,0,0,0,1,0,1,1,0
17803593,1,0,1,1,0,0.262430939,,17803593,0,1,0,0,0,0,0,0,0,0,0,0,1,1,0,1,0,1,1,0,0,1,0,1,2,1,1,1,0,0,0,0,0,1,0,1,1,0
17803786,0,0,0,0,0,0.129834254,,17803786,0,1,0,0,0,0,0,0,0,0,0,0,1,1,0,0,0,0,0,0,0,1,0,1,1,1,1,1,0,0,0,0,0,1,0,1,1,0
17817037,0,0,0,0,0,0.066298343,,17817037,0,0,0,0,0,0,0,0,0,0,0,0,0,0,0,0,0,0,0,0,0,0,0,0,0,0,0,0,0,0,0,0,0,0,0,0,0,0
17823261,0,2,0,1,1,0.279005525,,17823261,2,0,0,0,0,0,1,1,1,0,0,1,1,0,1,0,0,0,0,1,0,0,0,0,0,0,0,2,0,0,0,1,0,0,0,0,0,1
17827684,2,2,2,2,2,0.574585635,,17827684,1,1,0,1,1,2,1,1,1,0,0,2,1,1,2,0,0,0,1,1,2,0,0,0,2,0,0,2,0,0,2,1,0,1,1,2,2,2
17829955,0,0,0,0,0,0.132596685,,17829955,1,0,1,0,0,0,1,0,1,1,0,0,0,1,2,0,0,0,1,0,0,0,0,0,0,0,0,0,0,0,0,0,0,1,0,0,0,1
17831813,1,2,2,2,2,0.511049724,,17831813,1,0,0,0,2,1,0,1,2,1,1,1,0,2,0,2,1,2,1,0,1,1,1,2,0,1,1,1,2,1,1,1,1,0,0,1,1,1
17834898,0,0,0,0,0,0.033149171,,17834898,0,0,0,0,0,0,0,0,1,0,0,0,0,0,0,0,0,0,0,0,1,0,0,0,0,0,0,0,0,0,0,0,0,0,0,0,0,0
17838809,1,2,2,2,2,0.453038674,,17838809,0,1,0,0,2,2,0,1,1,1,1,1,0,2,0,2,1,2,1,0,1,2,1,2,0,1,1,1,2,1,1,0,1,0,1,1,2,0
17846171,1,0,0,0,0,0.544198895,,17846171,1,2,2,2,1,0,2,1,0,1,1,1,2,0,1,0,0,0,1,2,0,1,1,1,1,1,1,2,0,1,0,1,1,2,1,1,1,2
17853714,1,0,0,0,0,0.14640884,,17853714,0,2,1,1,1,1,0,0,0,0,0,0,1,0,1,0,0,0,0,0,1,0,0,0,0,0,0,1,0,0,0,1,1,0,0,0,1,0
17861476,0,0,0,0,0,0.361878453,,17861476,1,0,1,0,1,1,1,1,1,0,1,1,1,0,0,0,1,1,1,2,1,2,1,0,2,0,1,1,0,0,0,0,0,2,0,0,0,2
17862268,0,2,1,1,2,0.671270718,,17862268,1,0,1,2,1,1,1,2,0,1,2,2,1,1,1,2,1,1,1,1,2,2,1,1,1,0,1,1,1,1,0,2,1,2,2,0,2,0
17866198,1,1,0,1,1,0.649171271,,17866198,1,1,2,2,1,1,1,1,1,2,1,2,1,1,1,1,1,2,1,2,2,1,0,1,1,0,2,2,0,0,1,1,2,2,2,0,2,1
17873099,1,1,0,1,1,0.502762431,,17873099,1,1,2,1,1,1,2,1,1,1,1,2,0,1,1,1,1,2,1,2,1,1,0,1,1,0,1,1,0,0,1,1,2,2,2,0,2,1
17885697,1,1,0,1,1,0.455801105,,17885697,1,1,1,0,1,0,1,0,0,1,1,1,0,1,1,1,1,1,0,1,1,1,0,0,1,0,1,1,0,0,1,1,1,2,2,0,1,1
17890558,1,1,0,1,1,0.53038674,,17890558,1,1,1,0,1,0,1,0,0,1,1,1,1,1,1,1,2,1,0,1,2,1,0,0,1,0,2,2,0,0,1,1,1,2,2,0,1,1
17894083,2,1,2,1,1,0.613259669,,17894083,1,1,1,2,1,2,2,1,1,1,2,1,1,1,2,1,1,2,1,1,1,2,2,2,2,1,1,1,1,2,1,2,0,2,2,2,1,1
17899136,0,0,0,0,0,0.165745856,,17899136,0,0,1,0,0,0,1,0,0,1,1,0,0,0,0,0,0,0,0,0,1,1,0,0,1,0,1,0,0,0,0,1,0,0,0,0,0,0
17899175,0,0,0,0,0,0.113259669,,17899175,0,0,1,0,0,0,1,0,0,1,1,0,0,0,0,0,0,0,0,0,1,1,0,0,1,0,1,0,0,0,0,1,0,0,0,0,0,0
17903914,0,0,0,0,0,0.140883978,,17903914,0,0,0,0,0,0,0,0,0,0,0,0,0,0,0,0,0,0,0,0,0,0,0,0,0,0,0,0,0,0,0,0,0,0,0,0,0,0
17908162,1,1,1,1,0,0.533149171,,17908162,0,0,1,1,1,1,1,0,1,1,2,1,1,1,1,0,1,2,0,0,1,2,2,0,2,1,1,0,0,2,1,2,0,1,2,2,2,1
17909998,1,1,1,1,0,0.348066298,,17909998,0,0,1,0,0,1,0,0,1,1,0,1,1,1,0,0,1,1,0,0,1,2,2,0,2,1,1,0,0,0,0,0,0,1,2,1,1,1
17910586,2,0,0,0,0,0.486187845,,17910586,1,2,1,2,2,2,1,2,1,0,1,1,1,1,2,1,1,1,2,2,0,1,0,2,0,2,0,2,2,2,1,1,1,0,0,2,1,1
17910844,1,0,0,0,0,0.212707182,,17910844,1,2,1,1,0,1,1,1,0,0,0,1,1,0,0,1,1,0,2,1,0,0,0,2,0,1,0,1,1,0,0,0,1,0,0,0,0,0
17915430,0,0,0,0,0,0.151933702,,17915430,0,0,0,0,2,0,0,1,1,0,0,0,0,0,1,0,0,0,0,1,0,0,0,0,0,0,0,1,1,0,0,0,0,0,0,0,0,0
17915744,0,0,0,0,0,0.016574586,,17915744,0,0,0,0,0,0,1,0,0,0,1,0,0,0,0,0,0,0,0,0,0,0,0,0,0,0,0,0,0,0,0,1,0,0,0,1,0,0
17922770,0,0,0,0,0,0.151933702,,17922770,0,0,0,0,2,0,0,1,1,0,0,0,0,0,1,0,0,0,0,1,0,0,0,0,0,0,0,1,1,0,0,0,0,0,0,0,0,0
17929926,0,0,0,0,0,0.317679558,,17929926,0,0,0,0,2,0,1,1,1,0,1,0,0,0,1,0,0,0,0,1,0,0,0,0,0,0,0,1,1,0,0,1,0,0,0,0,1,0
17931566,0,0,0,0,0,0.317679558,,17931566,0,0,0,0,2,0,1,1,1,0,1,0,0,0,1,0,0,0,0,1,0,0,0,0,0,0,0,1,1,0,0,1,0,0,0,0,1,0
17932686,1,1,1,1,2,0.640883978,,17932686,2,2,1,1,2,1,2,2,1,1,2,1,1,0,1,2,1,0,2,2,1,0,0,2,0,1,1,2,2,0,1,1,2,1,0,0,1,1
17939816,2,1,2,2,2,0.897790055,,17939816,2,2,2,2,2,2,2,2,1,2,2,2,2,1,2,2,0,2,2,2,1,1,2,2,1,2,1,2,2,2,2,2,2,2,2,1,1,2
17940494,0,0,0,0,0,0.14640884,,17940494,0,0,0,0,2,0,0,1,1,0,0,0,0,0,1,0,0,0,0,1,0,0,0,0,0,0,0,1,1,0,0,0,0,0,0,0,0,0
17946168,0,0,1,1,0,0.160220994,,17946168,0,0,0,0,0,0,0,0,0,0,0,1,1,0,0,1,0,0,0,0,0,0,2,0,1,0,0,0,0,0,0,0,0,0,0,0,0,0
17946202,0,0,0,0,0,0.104972376,,17946202,0,0,0,0,2,0,0,2,0,0,0,1,0,0,0,0,0,0,0,0,0,0,0,0,0,0,0,0,0,0,0,0,0,0,0,0,0,0
17947371,0,0,0,0,0,0.124309392,,17947371,0,0,0,0,2,0,0,2,0,0,0,1,0,0,0,0,0,1,0,0,0,0,0,0,0,0,0,0,0,0,0,0,0,0,0,0,0,0
17956887,1,0,1,1,0,0.220994475,,17956887,0,1,0,1,0,2,0,0,0,1,2,1,2,0,1,1,0,0,2,1,1,0,2,0,1,1,0,1,1,0,0,2,1,0,0,0,0,0
17958441,1,0,0,0,0,0.29558011,,17958441,0,0,0,1,0,2,0,0,0,1,2,1,2,0,1,0,0,0,2,0,0,0,1,0,1,1,0,1,1,0,0,1,1,0,0,0,0,0
17961525,1,2,1,1,2,0.549723757,,17961525,2,2,2,1,0,0,2,1,2,1,0,0,0,2,1,1,2,1,0,2,0,2,1,1,2,1,2,1,1,2,2,1,1,2,2,0,2,2
17965531,1,0,1,0,1,0.350828729,,17965531,1,1,1,1,0,0,1,0,0,1,0,0,0,0,0,0,0,1,0,1,0,1,1,1,0,1,1,0,1,1,2,1,1,2,2,1,1,2
17965843,2,1,2,2,2,0.784530387,,17965843,2,1,2,2,2,2,1,1,0,2,2,2,2,0,1,1,0,1,2,1,1,1,2,2,1,2,1,1,2,1,2,2,2,2,2,2,1,2
17968311,1,0,0,0,0,0.129834254,,17968311,0,0,0,1,0,2,0,0,0,1,2,0,0,0,1,0,0,0,2,0,1,0,0,0,0,1,0,0,1,0,0,1,1,0,0,0,0,0
17971225,1,0,0,0,0,0.113259669,,17971225,0,0,0,1,0,2,0,0,0,1,2,0,0,0,1,0,0,0,2,0,1,0,0,0,0,1,0,0,1,0,0,1,1,0,0,0,1,0
17971883,0,0,0,0,0,0.198895028,,17971883,0,1,1,0,0,0,1,1,0,0,0,1,0,0,0,0,1,1,0,0,0,0,0,1,0,0,0,0,0,1,0,0,0,0,0,1,0,0
17973032,0,0,0,0,0,0.190607735,,17973032,1,0,1,0,1,0,1,1,0,0,0,1,0,0,0,0,0,0,0,0,0,0,0,1,0,0,0,0,0,0,0,0,0,0,0,0,0,0
17973664,1,1,0,0,0,0.477900552,,17973664,1,1,1,1,1,2,1,1,2,1,2,1,0,1,2,1,1,1,2,1,2,1,0,0,1,1,1,1,1,1,0,1,1,0,0,1,2,0
17977024,2,1,2,2,2,0.834254144,,17977024,2,1,2,2,2,2,2,2,0,2,2,2,2,0,1,1,0,2,2,1,1,1,2,2,1,2,1,1,2,1,2,2,2,2,2,2,1,2
17986811,0,0,1,0,1,0.218232044,,17986811,1,1,0,0,0,0,1,1,0,1,0,1,0,1,0,0,0,0,0,1,2,0,1,1,0,0,1,0,0,1,2,2,0,1,1,0,0,0
17988394,2,1,2,2,2,0.671270718,,17988394,1,1,0,2,1,2,1,1,1,2,2,2,1,2,2,1,1,1,2,2,2,1,2,1,1,2,1,1,2,1,2,2,2,2,1,2,0,1
17990852,0,0,0,0,0,0.201657459,,17990852,0,0,1,0,0,0,1,0,0,0,1,0,0,0,0,0,0,0,0,0,1,0,0,1,0,0,1,0,0,0,0,0,0,0,0,0,0,2
17992131,0,2,2,2,2,0.591160221,,17992131,2,0,0,0,2,1,1,0,1,0,1,1,2,2,2,2,2,2,1,1,1,1,2,1,2,1,1,2,1,1,1,2,2,1,2,1,0,0
17992437,0,0,0,0,0,0.002762431,,17992437,0,0,0,0,0,0,0,0,0,0,0,0,0,0,0,0,0,0,0,0,0,0,0,0,0,0,0,0,0,0,0,0,0,0,0,0,0,0
17994585,2,2,2,2,2,0.870165746,,17994585,2,1,2,1,2,1,2,0,2,0,2,2,2,2,2,2,2,2,1,2,2,2,2,2,2,2,2,2,1,1,1,2,1,1,2,2,1,2
17999158,0,1,2,1,1,0.419889503,,17999158,2,0,0,0,2,1,1,0,1,0,0,1,1,1,2,1,2,1,1,1,1,1,0,1,2,1,1,2,1,1,1,2,0,1,2,1,0,0
18001375,2,2,2,2,2,0.690607735,,18001375,2,1,1,1,2,1,1,0,2,0,1,2,2,2,2,2,2,2,1,2,1,2,2,1,2,2,1,2,1,2,1,2,1,1,2,2,1,0
18002892,0,0,0,0,0,0.041436464,,18002892,0,0,0,0,0,0,0,0,0,0,0,0,0,0,0,0,0,0,0,0,0,0,0,0,0,0,0,0,0,1,0,0,0,0,0,0,0,0
18009909,0,2,2,2,2,0.770718232,,18009909,2,2,1,1,2,2,2,2,1,2,1,1,1,2,2,2,2,2,2,1,2,1,0,2,2,1,2,2,2,1,2,2,1,2,2,1,2,1
18010706,0,1,0,1,1,0.240331492,,18010706,0,0,1,0,0,0,1,0,0,0,1,0,0,0,0,0,0,0,0,0,1,0,0,1,0,0,1,0,0,0,0,0,1,0,0,0,0,1
18010945,0,0,0,0,0,0.104972376,,18010945,0,2,0,1,0,1,0,2,0,2,0,0,0,0,0,0,0,0,1,0,0,0,0,0,0,0,0,0,1,0,1,0,0,1,0,0,2,0
18011380,0,2,2,2,2,0.779005525,,18011380,2,2,1,1,2,2,2,2,1,2,1,1,1,2,2,2,2,2,2,1,2,1,0,2,2,1,2,2,2,1,2,2,1,2,2,1,2,1
18013723,0,0,0,0,0,0.193370166,,18013723,0,0,1,0,0,0,1,0,0,0,1,0,0,0,0,0,0,0,0,0,1,0,0,1,0,0,1,0,0,0,0,0,1,0,0,0,0,0
18016508,0,1,2,1,1,0.419889503,,18016508,2,0,0,0,2,1,1,0,1,0,0,1,1,1,1,2,2,1,1,1,1,1,0,1,2,1,1,2,1,1,1,2,0,1,2,1,0,0
18018604,0,0,0,0,0,0.193370166,,18018604,0,0,1,0,0,0,1,0,0,0,1,0,0,0,0,0,0,0,0,0,1,0,0,1,0,0,1,0,0,0,0,0,1,0,0,0,0,1
18018940,0,0,0,0,0,0.099447514,,18018940,0,1,0,0,0,1,0,2,0,2,0,0,0,0,0,0,0,0,1,0,0,0,0,0,0,0,0,0,1,0,1,0,0,1,0,0,1,0
18021604,0,0,0,0,0,0.102209945,,18021604,0,1,0,0,0,1,0,2,0,2,0,0,0,0,0,0,0,0,1,0,0,0,0,0,0,0,0,0,1,0,1,0,0,1,0,0,1,0
18021760,0,1,0,1,1,0.149171271,,18021760,0,2,0,1,0,1,0,2,0,2,0,0,0,0,0,0,0,1,1,0,0,0,0,0,0,0,0,0,1,0,1,0,0,1,0,0,2,0
18031544,2,2,2,2,2,0.776243094,,18031544,2,2,1,2,2,2,1,2,2,2,1,2,2,2,2,2,2,2,2,2,1,2,2,1,1,2,1,2,2,2,2,2,1,2,2,2,2,1
18033199,0,1,1,2,1,0.447513812,,18033199,1,1,2,0,0,1,1,1,1,2,1,1,0,0,1,0,0,1,2,1,1,0,2,1,0,0,1,0,1,0,0,0,1,1,0,0,1,2
18036388,0,1,0,1,1,0.237569061,,18036388,0,0,0,1,0,0,0,1,0,0,0,0,0,2,0,1,0,1,1,0,0,0,1,0,0,0,1,0,0,0,0,0,1,0,0,1,1,2
18036431,0,1,0,1,1,0.378453039,,18036431,1,1,0,2,0,1,0,1,0,2,1,0,0,2,0,1,0,2,2,1,0,0,1,0,0,0,1,1,1,1,0,0,1,1,0,2,1,2
18038786,0,1,0,1,1,0.359116022,,18038786,1,1,0,1,0,1,0,1,0,2,1,0,0,2,0,1,0,1,2,0,0,0,1,0,0,0,1,0,1,0,0,0,1,1,0,2,1,2
18038910,0,0,0,0,0,0.11878453,,18038910,1,1,0,0,0,1,0,0,0,2,1,0,0,0,0,0,0,0,1,0,0,0,0,0,0,0,0,0,1,0,0,0,0,1,0,1,0,0
18047028,2,1,1,1,0,0.602209945,,18047028,1,2,2,1,1,1,1,0,2,2,1,2,0,2,0,1,1,1,2,2,2,2,1,1,2,1,1,1,1,1,2,1,2,1,0,2,1,1
18047231,0,0,0,0,0,0.127071823,,18047231,1,1,0,0,0,1,0,0,0,2,1,0,0,0,0,0,0,0,1,0,0,1,0,0,0,0,0,0,1,0,0,0,1,1,0,2,0,0
18049681,2,1,1,1,0,0.61878453,,18049681,1,2,2,1,1,1,1,0,2,2,1,2,0,2,0,1,1,1,2,2,2,2,1,1,2,1,1,1,1,1,2,1,2,1,0,2,1,1
18053496,2,1,2,1,1,0.67679558,,18053496,2,1,1,1,2,1,1,0,1,2,2,1,0,2,1,1,1,1,2,1,2,2,1,1,2,2,1,1,1,1,2,1,2,1,0,2,1,2
18055605,0,0,0,0,0,0.124309392,,18055605,1,0,0,0,0,1,0,0,1,0,1,0,0,0,0,0,0,0,0,0,0,0,0,0,0,0,0,1,0,0,1,0,1,1,0,0,0,0
18061337,2,2,1,2,1,0.580110497,,18061337,0,2,2,2,2,0,2,2,1,2,1,2,2,0,1,1,2,2,1,2,2,2,1,2,2,2,2,1,2,2,1,2,0,1,2,0,1,1
18068785,0,0,1,0,1,0.143646409,,18068785,1,0,0,1,0,1,0,0,1,0,1,0,0,0,0,0,0,0,0,0,0,0,0,0,0,0,0,1,0,0,2,0,0,1,0,1,1,0
18076546,0,0,1,0,1,0.201657459,,18076546,2,0,0,1,0,1,0,0,1,0,1,0,0,0,0,0,0,0,0,0,0,0,0,0,0,0,0,1,0,0,2,0,0,1,0,1,1,1
18079518,0,0,0,0,0,0.085635359,,18079518,1,0,0,0,0,0,0,0,0,0,0,0,0,0,0,0,0,0,0,0,0,0,0,0,0,0,0,0,0,0,0,0,0,0,0,0,0,1
18081156,0,0,1,0,1,0.14640884,,18081156,0,0,0,0,0,1,0,0,1,0,0,0,0,0,0,0,0,0,0,0,0,0,0,0,0,0,0,1,0,0,2,0,1,1,0,1,0,0
18083591,1,1,0,1,1,0.132596685,,18083591,0,0,0,0,0,0,0,0,0,0,0,0,1,0,0,0,0,1,0,0,2,0,0,0,1,1,0,1,0,1,0,0,0,0,0,1,0,0
18088903,0,1,1,0,1,0.276243094,,18088903,2,0,0,1,0,0,0,0,1,2,2,1,1,0,0,0,2,0,0,0,0,1,0,0,0,0,0,1,0,1,2,1,0,1,1,0,0,1
18094106,0,0,0,0,0,0.002762431,,18094106,0,0,0,0,0,0,0,0,0,0,0,0,0,0,0,0,0,0,0,0,0,0,0,0,0,0,0,0,0,0,0,0,0,0,0,0,1,0
18094292,0,1,1,0,1,0.276243094,,18094292,2,0,0,1,0,0,0,0,1,2,2,1,1,0,0,0,2,0,0,0,0,1,0,0,0,0,0,1,0,1,2,1,0,1,1,0,0,1
18096378,0,0,1,0,1,0.116022099,,18096378,1,0,0,1,0,0,0,0,0,1,2,0,0,0,0,0,0,0,0,0,0,0,0,0,0,0,0,1,0,0,1,0,0,1,0,0,0,0
18102627,0,1,0,0,0,0.074585635,,18102627,0,0,0,0,0,0,0,0,1,1,0,1,1,0,0,0,2,0,0,0,0,1,0,0,0,0,0,0,0,0,1,0,0,0,1,0,0,0
18104619,1,2,1,1,2,0.406077348,,18104619,2,0,0,1,0,0,0,0,1,2,2,1,2,0,0,0,2,1,0,0,2,1,0,0,1,1,0,2,0,2,2,1,0,1,1,0,1,1
18115392,1,2,1,1,2,0.364640884,,18115392,2,0,0,1,0,1,0,0,0,2,2,1,2,0,0,0,2,1,0,0,2,1,0,0,1,1,1,2,0,1,1,0,0,1,1,1,2,1
18120850,0,1,1,0,1,0.193370166,,18120850,2,0,0,1,0,1,1,0,0,2,1,1,1,0,0,0,2,0,0,0,0,1,0,0,0,0,1,1,0,0,1,0,0,1,1,1,2,0
18130209,0,0,1,0,1,0.096685083,,18130209,1,0,0,0,0,1,0,0,0,1,0,0,0,0,0,0,0,0,0,0,0,0,0,0,0,0,1,1,0,0,1,0,0,0,0,0,1,0
18131078,1,0,2,1,1,0.831491713,,18131078,2,2,2,2,2,2,2,2,2,2,2,2,1,2,2,2,2,1,2,2,0,2,2,2,1,1,2,1,2,1,2,2,2,2,2,2,2,1
18135912,0,0,1,0,1,0.20718232,,18135912,2,0,1,1,0,1,1,0,0,2,1,1,1,0,0,0,2,0,0,0,0,1,0,0,0,0,1,1,0,0,1,0,0,0,1,1,2,0
18161543,0,0,1,0,1,0.107734807,,18161543,1,0,0,1,0,1,0,0,0,1,0,0,0,0,0,0,0,0,0,0,0,0,0,0,0,0,1,1,0,0,1,0,0,0,0,0,1,0
18161979,0,0,0,0,0,0.099447514,,18161979,1,0,1,0,0,0,1,0,0,1,1,1,1,0,0,0,2,0,0,0,0,1,0,0,0,0,0,0,0,0,0,0,0,0,1,1,1,0
18163795,0,0,0,0,0,0.066298343,,18163795,0,0,1,0,0,0,1,0,0,1,1,1,1,0,0,0,2,0,0,0,0,1,0,0,0,0,0,0,0,0,0,0,0,0,1,0,0,0
18174658,1,0,2,1,1,0.831491713,,18174658,2,2,2,2,2,2,2,2,2,2,2,2,1,2,2,2,2,1,2,2,0,2,2,2,1,1,2,1,2,1,2,2,2,2,2,2,2,1
18181869,0,0,1,0,1,0.20441989,,18181869,2,0,1,1,0,1,1,0,0,2,1,1,1,0,0,0,2,0,0,0,0,1,0,0,0,0,1,1,0,0,1,0,0,0,1,1,2,0
18187216,0,0,0,0,0,0.071823204,,18187216,0,0,1,0,0,0,1,0,0,1,1,1,1,0,0,0,2,0,0,0,0,1,0,0,0,0,0,0,0,0,0,0,0,0,1,0,1,0
18193707,0,0,0,0,0,0.071823204,,18193707,0,0,1,0,0,0,1,0,0,1,1,1,1,0,0,0,2,0,0,0,0,1,0,0,0,0,0,0,0,0,0,0,0,0,1,0,1,0
18209613,1,0,1,1,0,0.649171271,,18209613,1,2,1,1,2,1,1,2,2,0,1,1,0,2,2,2,0,1,2,2,0,1,2,2,1,1,1,0,2,1,1,2,2,2,1,2,0,1
18213057,1,0,0,0,0,0.585635359,,18213057,0,2,1,1,2,1,1,2,2,0,1,1,0,2,2,2,0,0,2,2,0,1,2,2,1,1,1,0,1,1,1,2,2,1,1,1,0,1
18216211,1,0,0,0,0,0.187845304,,18216211,0,0,0,0,0,1,0,0,0,0,0,1,0,0,1,0,0,0,1,1,0,1,0,0,0,0,0,0,0,1,0,2,0,1,1,0,0,0
18222263,1,0,1,0,1,0.729281768,,18222263,2,2,1,1,2,2,1,2,1,1,2,1,0,2,2,2,0,1,2,2,0,1,2,1,1,1,2,1,1,1,1,2,2,2,1,2,2,1
18224155,1,0,0,0,0,0.616022099,,18224155,0,2,1,1,2,1,1,2,2,0,1,1,0,2,2,2,0,0,2,2,0,2,2,2,1,1,1,0,1,1,1,2,2,2,1,1,0,1
18233000,1,0,0,0,0,0.569060773,,18233000,0,1,1,2,2,1,1,2,1,0,1,1,0,2,2,2,1,0,2,2,0,2,1,1,1,1,1,0,1,1,0,2,2,2,1,1,0,1
18234589,0,0,0,0,0,0.052486188,,18234589,0,0,1,0,0,0,1,0,0,1,0,1,0,0,0,0,1,0,0,0,0,0,0,0,0,0,0,0,0,0,0,0,0,0,1,0,0,0
18235305,1,0,1,1,0,0.643646409,,18235305,2,1,1,1,2,1,1,2,2,0,1,1,0,1,1,2,1,1,1,2,1,2,2,2,1,2,1,0,1,1,2,2,2,2,1,2,2,0
18240974,0,0,0,0,0,0.05801105,,18240974,0,0,0,0,0,0,0,0,0,0,0,1,0,0,0,0,1,0,0,0,0,0,0,1,0,0,0,0,0,1,1,1,0,0,1,0,0,0
18245932,0,0,1,0,1,0.535911602,,18245932,2,1,0,1,1,0,2,1,2,1,1,1,1,1,0,1,0,2,0,0,1,2,0,0,1,2,0,1,1,0,1,0,0,2,0,2,1,2
18246375,0,0,1,0,1,0.533149171,,18246375,2,1,0,1,1,0,2,1,2,1,1,1,1,1,0,1,0,2,0,0,1,2,0,0,1,2,0,1,1,0,1,0,0,2,0,2,1,2
18250268,0,0,1,0,1,0.049723757,,18250268,0,1,0,0,0,0,1,1,0,0,1,0,0,0,0,0,0,1,0,0,0,0,0,0,0,0,0,0,0,0,0,0,0,0,0,0,0,0
18255988,0,0,0,0,0,0.132596685,,18255988,0,1,0,1,0,0,0,0,0,0,0,0,0,0,0,0,0,0,0,0,0,0,0,0,0,0,0,0,1,0,0,0,0,0,0,0,0,2
18258382,1,1,1,1,2,0.513812155,,18258382,0,2,0,2,0,1,2,1,0,2,0,2,0,1,1,2,2,0,1,1,1,0,2,1,0,0,1,1,1,0,2,0,2,1,1,1,1,2
18262767,0,0,0,0,0,0.066298343,,18262767,0,0,0,0,0,0,0,0,0,0,0,0,0,0,0,1,0,0,0,0,0,0,0,0,0,0,0,0,0,0,0,0,0,0,0,0,1,2
18263268,1,0,0,0,0,0.433701657,,18263268,1,2,0,1,0,1,2,1,0,2,0,2,0,1,1,2,2,0,1,1,1,1,2,1,1,1,0,1,1,0,1,1,1,1,1,0,1,2
18264831,1,1,2,2,2,0.408839779,,18264831,1,0,0,1,1,1,0,1,1,0,2,0,2,1,1,1,0,2,1,0,1,1,0,0,0,0,0,0,1,0,1,1,1,1,0,1,2,0
18268794,0,1,1,2,1,0.375690608,,18268794,1,1,0,0,0,1,0,0,1,1,1,1,1,1,0,1,0,1,0,0,0,1,2,1,0,0,1,0,1,0,1,0,1,0,2,1,0,0
18270779,1,0,0,0,0,0.135359116,,18270779,1,1,1,1,0,0,0,0,0,1,0,1,0,0,0,0,1,0,0,0,1,0,0,1,0,1,0,2,0,0,2,0,0,1,0,0,0,2
18276101,0,1,1,2,1,0.339779006,,18276101,1,1,0,0,0,1,0,0,1,1,1,1,1,1,0,2,0,1,0,0,0,1,2,1,0,0,1,0,1,0,0,0,1,0,2,1,1,0
18283247,0,1,0,1,1,0.091160221,,18283247,0,0,0,0,0,0,0,1,0,0,0,0,0,0,0,0,0,0,0,0,0,1,0,0,0,0,0,0,0,0,0,0,0,0,0,1,0,0
18286672,0,2,0,1,1,0.386740331,,18286672,1,2,0,0,0,0,0,1,0,1,0,0,1,0,0,0,2,0,1,1,0,1,0,1,1,0,1,0,1,1,0,1,1,0,1,1,1,0
18288362,0,2,0,1,1,0.389502762,,18288362,1,2,0,0,0,0,0,1,0,1,0,0,1,0,0,0,2,0,1,1,0,1,0,1,1,0,1,0,1,1,0,1,1,0,1,1,1,0
18289204,0,1,0,0,0,0.29281768,,18289204,1,2,0,0,0,0,0,0,0,1,0,0,1,0,0,0,2,0,1,1,0,0,0,1,1,0,1,0,1,1,0,1,1,0,1,0,1,0
18292466,0,2,0,1,1,0.408839779,,18292466,1,2,0,0,0,0,0,1,0,1,0,0,1,0,0,0,2,0,1,1,1,1,0,1,1,0,1,0,1,1,0,1,1,0,1,1,1,0
18295575,0,2,0,1,1,0.428176796,,18295575,1,2,0,0,0,0,0,1,0,1,0,1,1,0,0,0,2,0,1,1,2,1,0,1,1,0,1,0,1,1,1,1,1,0,1,1,1,0
18298527,1,1,0,1,1,0.267955801,,18298527,1,1,2,1,1,1,0,0,0,1,0,1,1,0,2,1,0,0,0,1,0,0,1,0,1,1,1,1,1,1,1,0,1,1,0,0,1,0
18299197,1,1,0,1,1,0.273480663,,18299197,1,1,2,1,1,1,0,0,0,1,0,1,1,0,2,1,0,0,0,1,0,0,1,0,1,1,1,1,1,1,1,0,1,1,0,0,1,0
18307634,1,1,0,1,1,0.306629834,,18307634,1,1,2,1,1,1,1,2,0,1,1,1,1,0,2,1,0,0,0,1,0,0,1,0,1,1,2,1,1,1,1,0,1,1,0,1,1,0
18308320,0,0,0,0,0,0.055248619,,18308320,0,0,0,0,0,0,1,2,0,0,1,0,0,0,0,0,0,0,0,0,0,0,0,0,0,0,1,0,0,0,0,0,0,0,0,0,0,0
18313512,1,1,1,1,0,0.535911602,,18313512,2,2,2,1,1,1,1,2,0,2,2,2,1,0,2,1,2,1,1,2,2,0,1,1,2,1,2,2,2,1,2,1,2,2,1,0,2,0
18316526,1,1,1,1,0,0.502762431,,18316526,2,2,2,1,1,1,1,1,0,2,2,1,1,0,2,1,2,1,0,2,2,0,1,0,2,1,2,2,2,1,2,1,2,2,1,0,2,0
18316620,0,1,0,0,0,0.254143646,,18316620,1,1,0,0,0,0,1,1,0,1,1,0,0,0,0,0,2,1,0,1,2,0,0,0,1,0,1,1,1,0,1,1,1,1,1,0,1,0
18319179,0,1,0,0,0,0.248618785,,18319179,1,1,0,0,0,0,1,1,0,1,1,0,0,0,0,0,2,1,0,1,2,0,0,0,1,0,1,1,1,0,1,1,1,1,1,0,1,0
18323438,0,1,0,0,0,0.356353591,,18323438,1,1,0,0,0,0,1,2,0,1,1,1,0,0,0,0,2,1,1,1,2,0,0,1,1,0,1,1,1,0,1,1,1,1,1,2,1,0
18326162,0,0,0,0,0,0.082872928,,18326162,0,0,0,0,0,0,0,0,0,0,0,1,0,0,0,0,0,0,1,0,0,0,0,1,0,0,0,0,0,0,0,0,0,0,0,2,0,0
18333902,0,1,0,0,0,0.218232044,,18333902,1,1,0,0,0,0,0,1,0,0,0,0,0,1,0,0,1,1,0,0,2,0,0,0,1,0,1,1,1,1,0,1,1,1,0,0,1,0
18338356,1,1,0,0,0,0.406077348,,18338356,1,1,1,0,1,1,2,1,1,1,0,0,0,1,0,0,1,1,1,0,2,0,1,1,1,1,0,1,1,1,0,0,1,0,0,1,0,2
18339012,1,1,0,0,0,0.279005525,,18339012,1,1,0,0,0,0,0,1,0,1,0,0,0,1,0,0,1,1,0,0,2,0,0,0,1,0,0,1,1,1,0,0,1,0,0,0,1,2
18347127,1,1,0,0,0,0.248618785,,18347127,1,1,0,0,0,0,0,1,0,1,0,0,0,1,0,0,1,1,0,0,2,0,0,0,1,0,0,1,1,1,0,0,1,0,0,0,0,2
18350514,0,0,0,0,0,0.17679558,,18350514,0,0,1,0,0,1,2,0,1,0,0,0,0,0,0,0,0,0,1,0,0,0,1,1,0,1,0,0,0,0,0,0,0,0,0,2,1,1
18354272,1,1,0,0,0,0.403314917,,18354272,1,1,1,0,0,1,2,1,1,1,0,0,0,1,0,0,1,1,1,0,1,0,1,1,1,1,0,1,1,1,0,0,1,0,0,2,0,2
18354328,1,1,0,0,0,0.419889503,,18354328,1,1,1,0,0,1,2,1,1,1,0,0,0,1,0,0,1,1,1,0,1,0,1,1,1,1,0,1,1,1,0,0,1,0,0,2,1,2
18368147,0,0,0,0,0,0.190607735,,18368147,0,0,1,0,0,1,2,0,1,0,0,0,0,0,0,0,0,0,1,0,0,0,1,1,0,1,0,0,0,0,0,0,0,0,0,2,1,1
18371637,1,1,0,0,0,0.414364641,,18371637,1,1,1,0,0,1,2,1,1,1,0,0,0,1,0,0,0,1,1,0,1,0,1,1,1,1,0,1,1,1,0,0,1,0,0,2,0,2
18377199,1,1,0,0,0,0.218232044,,18377199,1,1,0,0,0,0,0,1,0,1,0,0,0,1,0,0,0,1,0,0,1,0,0,0,1,0,0,1,1,1,0,0,1,0,0,0,0,1
18391061,2,1,1,1,0,0.549723757,,18391061,1,1,2,0,1,2,0,0,2,1,1,2,1,1,1,0,1,1,1,1,1,0,1,0,1,1,0,2,2,0,0,2,1,2,0,2,1,2
18393564,1,0,1,1,0,0.215469613,,18393564,0,0,1,0,1,1,0,0,1,0,1,2,1,0,1,0,1,0,0,1,0,0,0,0,0,0,0,1,1,0,0,2,1,2,0,0,0,1
18393933,1,1,0,0,0,0.212707182,,18393933,0,1,0,0,0,0,0,0,0,1,0,0,0,0,0,0,0,1,0,0,1,0,0,0,1,0,0,1,0,0,0,0,0,0,0,1,0,1
18396329,2,2,2,2,2,0.737569061,,18396329,0,2,0,2,1,1,0,1,1,2,2,2,2,1,1,1,2,2,1,1,2,2,1,2,1,1,1,2,2,1,1,2,2,2,1,1,1,2
18403629,1,2,1,1,2,0.383977901,,18403629,0,1,0,2,0,0,0,1,0,1,0,0,1,1,1,1,1,1,1,1,1,2,1,2,1,1,1,0,0,1,1,0,1,0,1,1,1,0
18406068,0,0,0,0,0,0.223756906,,18406068,2,0,2,0,2,1,2,1,1,0,1,0,0,1,1,1,0,0,1,1,0,0,1,0,0,1,1,0,0,1,1,0,0,0,1,0,1,0
18407468,1,2,1,1,2,0.624309392,,18407468,2,1,2,2,2,1,2,2,1,1,1,0,1,2,2,2,1,1,2,2,1,2,2,2,1,2,2,0,0,2,2,0,1,0,2,1,2,0
18413975,2,2,2,2,2,0.895027624,,18413975,2,2,2,2,2,2,2,2,2,2,2,2,2,2,2,2,2,1,2,2,2,2,2,2,2,2,2,2,2,2,2,2,2,2,2,1,2,2
18420055,1,0,1,1,0,0.339779006,,18420055,0,1,0,0,0,1,0,0,1,1,1,2,1,0,0,0,1,1,0,0,1,0,0,0,1,0,0,2,2,0,0,2,1,2,0,1,0,2
18430193,1,0,1,1,0,0.339779006,,18430193,0,1,0,0,0,1,0,0,1,1,1,2,1,0,0,0,1,1,0,0,1,0,0,0,1,0,0,2,2,0,0,2,1,2,0,1,0,2
18435794,2,2,2,2,2,0.726519337,,18435794,0,2,1,2,0,1,1,0,1,2,2,2,2,1,2,1,2,2,1,1,2,2,1,2,2,1,1,2,2,1,1,2,2,2,1,2,2,2
18438752,0,0,0,0,0,0.024861878,,18438752,0,0,0,0,0,0,0,0,0,0,0,0,0,0,0,0,0,0,0,0,0,0,0,0,0,0,0,0,0,0,0,0,0,0,0,0,0,0
18439598,0,0,0,0,0,0.212707182,,18439598,2,0,1,0,2,1,2,2,1,0,1,0,0,1,0,1,0,0,1,1,0,0,1,0,0,1,1,0,0,1,1,0,0,0,1,0,1,0
18439958,0,0,0,0,0,0.212707182,,18439958,2,0,1,0,2,1,2,2,1,0,1,0,0,1,0,1,0,0,1,1,0,0,1,0,0,1,1,0,0,1,1,0,0,0,1,0,1,0
18442522,1,0,1,1,0,0.599447514,,18442522,2,1,1,0,2,2,2,2,2,1,2,2,1,1,0,1,1,1,1,1,1,0,1,0,1,1,1,2,2,1,1,2,1,2,1,1,1,2
18443681,1,0,1,1,0,0.599447514,,18443681,2,1,1,0,2,2,2,2,2,1,2,2,1,1,0,1,1,1,1,1,1,0,1,0,1,1,1,2,2,1,1,2,1,2,1,1,1,2
18443699,0,0,0,0,0,0.209944751,,18443699,2,0,1,0,2,1,2,2,1,0,1,0,0,1,0,1,0,0,1,1,0,0,1,0,0,1,1,0,0,1,1,0,0,0,1,0,1,0
18448960,1,0,1,1,0,0.342541436,,18448960,0,1,0,0,0,1,0,0,1,1,1,2,1,0,0,0,1,1,0,0,1,0,0,0,1,0,0,2,2,0,0,2,1,2,0,1,0,2
18466802,1,0,1,1,0,0.348066298,,18466802,0,1,0,0,0,1,0,0,1,1,1,2,1,0,0,0,1,1,0,0,1,0,0,0,1,0,0,2,2,0,0,2,1,2,0,1,0,2
18467133,1,0,1,1,0,0.596685083,,18467133,2,1,1,0,2,2,2,2,2,1,1,2,1,1,0,1,1,1,1,1,2,0,1,0,1,2,1,2,2,1,1,2,1,2,1,1,1,2
18475941,0,0,0,0,0,0.005524862,,18475941,0,0,0,0,0,0,0,0,0,0,0,0,0,0,0,0,0,0,0,0,0,0,0,0,0,0,0,0,0,0,0,0,0,0,0,0,0,0
18486017,1,0,1,1,0,0.662983425,,18486017,2,1,2,0,2,2,2,2,2,1,1,2,1,1,1,1,1,1,1,1,2,1,1,1,1,2,1,2,2,1,1,2,1,2,1,1,1,2
18489048,1,1,0,0,0,0.400552486,,18489048,1,0,0,0,0,0,0,0,0,1,0,2,0,1,0,0,1,1,1,0,2,1,0,1,2,1,0,1,2,0,1,1,1,1,0,1,0,2
18493980,1,1,0,0,0,0.129834254,,18493980,0,0,0,0,0,0,0,0,0,0,0,0,0,0,0,0,0,0,0,0,2,1,0,0,2,1,0,0,0,0,0,0,1,0,0,1,0,0
18495470,0,0,1,1,0,0.220994475,,18495470,1,0,1,1,1,0,1,1,0,0,0,0,1,1,1,0,1,1,1,1,0,0,0,2,0,0,2,0,0,0,0,1,0,1,1,0,1,0
18504801,1,0,2,1,1,0.627071823,,18504801,2,1,1,2,0,2,2,2,2,1,1,1,1,1,1,1,2,2,1,1,1,0,1,2,1,1,2,1,0,0,1,2,0,1,2,0,2,2
18505121,1,0,0,0,0,0.259668508,,18505121,1,1,0,0,0,1,0,0,2,1,1,1,1,0,1,1,0,1,0,0,1,0,0,0,1,0,0,1,0,0,1,1,0,0,1,0,1,2
18507030,0,0,1,0,1,0.20441989,,18507030,0,0,1,0,0,1,1,1,0,0,0,0,0,1,0,0,1,0,1,0,0,0,1,0,0,0,0,0,0,0,0,0,0,0,0,0,1,0
18512496,0,0,1,1,0,0.11878453,,18512496,1,0,0,2,0,0,1,0,0,0,0,0,0,0,0,0,1,1,0,1,0,0,0,2,0,0,1,0,0,0,0,1,0,1,1,0,0,0
18520582,1,0,0,0,0,0.273480663,,18520582,0,1,1,0,0,1,0,2,1,1,1,0,0,0,1,0,0,1,0,0,0,0,1,0,1,1,0,0,0,0,0,0,1,0,1,0,1,0
18523214,1,0,0,0,0,0.397790055,,18523214,1,1,1,0,0,1,0,2,1,1,1,0,0,0,1,0,0,1,0,0,0,0,1,0,1,1,0,0,0,0,0,0,1,0,1,1,1,2
18526789,2,1,1,1,0,0.640883978,,18526789,2,1,1,1,0,2,1,2,1,1,2,1,2,1,2,0,2,1,2,1,0,0,1,1,1,1,2,1,0,2,0,1,1,2,2,1,2,2
18530984,0,0,0,0,0,0.121546961,,18530984,1,0,0,0,0,0,0,0,0,0,0,0,0,0,0,0,0,0,0,0,0,0,0,0,0,0,0,0,0,0,0,0,0,0,0,1,0,1
18533335,0,0,0,0,0,0.331491713,,18533335,1,2,0,0,0,0,0,0,0,1,0,1,0,0,0,0,0,0,0,0,0,1,0,0,0,0,0,1,1,0,1,1,0,0,0,2,0,2
18533434,0,0,1,1,0,0.400552486,,18533434,2,2,0,1,0,0,0,0,0,1,0,1,1,1,0,0,0,1,1,0,0,1,0,0,0,0,1,1,1,0,1,1,0,0,0,2,1,2
18537041,0,0,1,1,0,0.027624309,,18537041,1,0,0,0,0,0,0,0,0,0,0,0,0,0,0,0,0,0,0,0,0,0,0,0,0,0,1,0,0,0,0,0,0,0,0,0,0,0
18539370,0,0,1,1,0,0.168508287,,18539370,1,0,0,1,0,0,0,0,0,1,0,1,0,0,0,0,0,2,0,1,0,0,0,0,0,0,1,0,0,0,0,1,0,0,0,2,1,0
18539553,0,0,0,0,0,0.107734807,,18539553,0,0,0,0,0,0,0,0,0,1,0,1,0,0,0,0,0,1,0,1,0,0,0,0,0,0,0,0,0,0,0,1,0,0,0,1,0,0
18542311,0,1,0,0,0,0.185082873,,18542311,0,0,0,1,0,0,0,1,1,0,1,0,1,0,2,1,0,0,1,0,1,1,0,1,1,1,0,1,1,0,2,1,1,0,0,1,2,0
18545634,0,2,0,1,1,0.331491713,,18545634,0,1,1,1,0,2,0,2,2,0,1,1,1,1,2,1,0,1,2,0,1,1,1,1,1,1,0,1,1,0,2,2,1,1,2,1,2,0
18546611,0,0,0,0,0,0.027624309,,18546611,0,0,0,0,1,0,0,0,0,0,0,0,0,0,0,0,0,0,0,0,0,1,0,0,1,0,0,0,0,0,0,0,0,0,0,0,0,0
18549152,0,0,0,0,0,0.085635359,,18549152,0,0,0,0,0,0,0,0,0,0,0,0,1,0,0,0,0,0,0,0,0,0,0,0,0,0,0,0,0,0,1,0,0,0,0,0,1,0
18549174,0,2,0,1,1,0.334254144,,18549174,0,1,1,1,1,2,0,1,1,0,1,1,1,1,2,1,0,1,2,0,1,2,1,1,2,0,1,1,1,0,2,2,1,1,2,1,1,0
18549740,0,0,0,0,0,0.099447514,,18549740,0,0,0,0,0,0,0,0,0,0,0,0,1,0,0,0,0,0,0,0,0,1,0,0,0,0,0,0,0,0,1,0,1,0,0,0,1,0
18551780,0,1,0,0,0,0.132596685,,18551780,1,0,0,1,0,0,1,1,2,0,1,0,0,0,2,1,0,1,1,0,0,0,0,1,1,0,1,1,1,0,1,1,1,0,1,0,1,0
18552662,0,0,0,0,0,0.124309392,,18552662,0,1,0,0,0,2,0,1,0,0,0,1,0,0,0,0,0,0,0,0,0,0,1,0,0,0,0,0,0,0,0,0,0,0,1,2,0,0
18555134,0,1,1,1,0,0.428176796,,18555134,1,2,0,1,2,2,1,2,2,1,1,1,1,0,2,1,0,1,1,0,1,1,1,1,2,0,1,1,1,0,2,2,2,0,2,2,2,0
18558511,0,0,0,0,0,0.082872928,,18558511,0,0,0,0,1,1,0,2,0,0,0,0,0,1,0,0,0,0,1,0,0,0,1,0,1,0,0,0,0,0,0,1,0,0,0,0,0,0
18560570,1,1,0,1,1,0.182320442,,18560570,1,0,0,0,0,2,0,2,0,0,0,0,0,1,0,0,0,0,1,0,2,1,1,0,0,1,0,0,0,1,1,0,0,1,0,0,0,0
18562888,2,1,1,2,1,0.640883978,,18562888,2,2,0,2,1,1,2,1,2,2,2,1,1,1,1,1,2,2,2,1,2,2,2,2,1,2,2,2,1,2,2,2,2,2,2,1,2,0
18571008,1,1,0,1,1,0.513812155,,18571008,2,1,0,2,0,1,1,1,1,1,2,1,1,1,1,1,2,2,2,0,1,2,2,2,1,2,2,2,0,1,1,1,2,2,2,0,0,0
18574715,2,2,1,2,1,0.908839779,,18574715,2,2,1,2,1,2,2,2,2,2,2,2,2,2,2,2,2,2,2,1,2,2,2,2,1,2,2,2,2,2,2,2,2,2,2,2,2,2
18583267,1,1,1,1,2,0.624309392,,18583267,2,1,0,2,1,1,1,1,1,1,2,1,1,1,1,1,2,2,2,1,1,2,2,2,2,2,2,2,0,1,1,1,2,2,2,1,1,0
18584433,1,1,0,1,1,0.538674033,,18584433,2,1,0,2,0,1,1,1,1,1,2,1,1,1,1,1,2,2,2,0,1,2,2,2,1,2,2,2,0,1,1,1,2,2,2,1,1,0
18586169,0,0,1,0,1,0.085635359,,18586169,0,0,0,0,1,0,0,0,0,0,0,0,0,0,0,0,0,0,0,1,0,0,0,0,1,0,0,0,0,0,0,0,0,0,0,0,0,0
18586756,0,0,0,0,0,0.005524862,,18586756,0,0,0,0,0,0,0,0,0,0,0,0,0,0,0,0,0,0,0,0,0,0,0,0,0,0,0,0,0,0,0,0,0,0,0,1,1,0
18590899,0,0,0,0,0,0.033149171,,18590899,0,0,0,0,0,0,0,0,1,0,0,0,0,0,0,0,0,0,0,1,0,0,0,0,0,0,0,0,1,0,0,0,0,0,0,0,1,0
18594931,0,0,0,0,0,0.243093923,,18594931,0,0,1,0,1,0,0,0,0,0,0,0,2,1,1,1,0,0,0,1,0,0,0,0,1,0,0,0,1,0,0,0,0,0,0,1,0,2
18595352,1,0,2,1,1,0.174033149,,18595352,0,1,1,0,1,0,2,0,0,1,0,0,0,0,0,0,0,0,0,0,1,0,0,0,0,0,0,0,0,1,1,1,0,0,0,1,1,0
18596449,1,0,1,1,0,0.29281768,,18596449,1,1,1,0,1,1,1,0,1,1,0,0,1,0,1,0,0,0,0,1,2,0,0,0,1,0,0,0,1,2,2,2,1,0,0,0,2,1
18601415,1,1,1,1,0,0.522099448,,18601415,1,1,2,0,2,1,2,0,1,1,0,0,1,1,2,0,0,0,0,2,2,0,0,0,2,0,0,0,2,2,2,2,1,0,0,2,2,2
18607872,0,0,0,0,0,0.182320442,,18607872,0,0,1,0,0,0,1,0,0,0,0,0,1,0,0,0,0,0,0,0,0,0,0,0,0,0,0,0,0,0,0,1,0,0,0,1,0,0
18608627,0,0,0,0,0,0.165745856,,18608627,0,1,1,0,0,0,1,0,0,0,0,0,1,0,0,1,0,0,0,0,0,0,0,0,1,0,0,0,0,0,0,2,1,0,0,0,1,0
18609046,0,0,0,0,0,0.135359116,,18609046,0,0,1,0,0,0,1,0,0,0,0,0,1,0,0,0,0,0,0,0,0,0,0,0,0,0,0,0,0,0,0,1,0,0,0,0,0,0
18610110,0,0,0,0,0,0.406077348,,18610110,0,1,2,0,1,0,1,0,0,1,0,1,1,1,1,0,1,0,0,1,0,0,0,0,1,0,0,0,1,0,0,2,0,0,0,2,1,1
18610146,0,0,0,0,0,0.046961326,,18610146,0,0,0,0,0,0,0,0,0,0,0,0,0,0,0,0,0,0,0,0,0,0,0,0,0,0,0,0,0,0,0,0,0,0,0,1,0,0
18610798,0,0,0,0,0,0.038674033,,18610798,0,0,0,0,0,0,0,0,0,0,0,0,0,0,0,0,0,0,0,0,0,0,0,0,0,0,0,0,0,0,0,0,0,0,0,1,0,0
18611223,0,0,0,0,0,0.38121547,,18611223,0,1,2,0,1,0,1,0,0,0,0,0,1,1,1,1,0,0,0,1,0,0,0,0,2,0,0,0,1,0,0,2,1,0,0,2,1,1
18613045,0,0,0,0,0,0.14640884,,18613045,0,0,2,0,0,0,1,0,0,0,0,0,0,1,1,0,0,0,0,0,0,0,0,0,0,0,0,0,1,0,0,1,0,0,0,1,1,0
18614874,0,0,0,0,0,0.331491713,,18614874,0,0,2,0,0,0,1,0,0,0,0,0,1,0,0,1,0,0,0,0,0,1,0,0,0,0,0,0,1,0,0,1,1,0,0,2,1,1
18629028,0,0,0,0,0,0.168508287,,18629028,0,0,0,0,0,0,0,0,0,0,0,0,0,0,0,0,0,0,0,0,0,0,0,0,0,0,0,0,0,0,0,0,0,0,0,1,0,1
18631365,0,0,0,0,0,0.091160221,,18631365,0,0,1,0,0,0,1,0,0,0,0,0,0,0,0,1,0,0,0,0,0,1,0,0,0,0,0,0,0,0,0,1,1,0,0,0,0,0
18633446,1,1,0,0,0,0.17679558,,18633446,1,1,0,0,1,0,1,1,1,0,0,0,1,0,0,0,0,0,1,0,0,0,0,0,0,0,0,0,1,1,0,1,0,0,0,1,2,0
18633978,1,1,0,0,0,0.223756906,,18633978,1,1,1,0,1,0,2,1,1,0,0,0,1,0,0,1,0,0,1,0,0,1,0,0,0,0,0,0,1,1,0,2,1,0,0,1,2,0
18640300,0,0,0,0,0,0.301104972,,18640300,0,0,2,0,0,0,1,0,0,0,0,0,1,0,0,1,0,0,1,0,0,1,0,0,0,0,0,0,0,0,0,1,1,0,0,2,0,1
18642145,0,0,0,0,0,0.298342541,,18642145,0,0,2,0,0,0,1,0,0,0,0,0,1,0,0,1,0,0,1,0,0,1,0,0,0,0,0,0,0,0,0,1,1,0,0,2,0,1
18877787,0,1,0,0,0,0.104972376,,18877787,0,1,0,1,0,0,1,0,1,0,1,0,1,0,1,0,0,0,0,0,0,0,0,1,1,1,0,0,0,0,0,1,0,0,1,0,0,0
18890615,0,1,0,0,0,0.074585635,,18890615,0,1,0,0,0,0,1,0,0,0,1,0,0,0,0,0,0,0,0,0,0,0,0,1,0,1,0,0,0,0,0,1,0,0,1,0,0,0
18901004,2,2,2,2,2,0.944751381,,18901004,2,2,1,2,2,1,2,2,2,2,2,2,2,2,2,2,2,2,2,2,2,2,2,2,2,2,2,2,2,2,2,2,2,2,2,2,1,2
18905964,0,0,1,0,1,0.066298343,,18905964,0,0,0,0,1,0,0,0,0,1,0,0,0,1,0,0,0,1,1,0,1,1,0,0,0,1,1,0,0,0,0,1,0,0,0,0,0,0
18907405,0,1,1,0,1,0.17679558,,18907405,0,1,0,0,0,1,1,1,1,1,1,1,1,0,2,0,1,0,0,0,0,0,1,2,1,0,1,1,0,1,1,1,0,0,1,0,1,0
18912678,1,1,2,1,1,0.720994475,,18912678,0,1,0,0,2,1,1,1,1,2,1,1,1,1,2,2,1,2,0,0,1,1,1,2,2,0,2,1,2,2,2,2,1,2,2,1,2,2
18913602,1,1,0,1,1,0.229281768,,18913602,2,1,2,2,0,1,1,1,1,0,0,1,1,1,0,0,1,0,2,2,1,1,1,0,0,1,0,1,0,0,0,0,1,0,0,1,0,0
18915347,0,0,0,0,0,0.093922652,,18915347,0,0,0,0,0,0,0,0,0,0,0,0,0,0,0,0,0,0,0,0,1,0,0,0,0,0,0,0,0,0,0,0,0,0,0,0,0,0
18915963,0,0,1,1,0,0.367403315,,18915963,0,0,0,0,0,0,0,0,1,0,1,0,0,1,1,0,0,1,0,0,1,0,0,0,0,0,1,0,1,1,1,0,1,0,0,1,2,0
18916180,0,0,0,0,0,0.121546961,,18916180,0,0,0,0,0,0,0,0,1,0,0,0,0,0,1,0,0,0,0,0,1,0,0,0,0,0,1,0,0,1,0,0,0,0,0,1,1,0
18916756,1,0,0,0,0,0.220994475,,18916756,0,0,0,0,2,0,0,0,0,2,0,0,0,0,1,2,0,1,0,0,0,1,0,0,1,0,1,0,0,0,0,1,0,2,1,0,0,2
18917031,1,1,0,1,1,0.229281768,,18917031,2,1,2,2,0,1,1,1,1,0,0,1,1,1,0,0,1,0,2,2,1,1,1,0,0,1,0,1,0,0,0,0,1,0,0,1,0,0
18917748,0,1,1,0,1,0.140883978,,18917748,0,1,0,0,0,1,1,1,0,0,1,1,1,0,0,0,1,0,0,0,0,0,1,2,1,0,0,1,1,1,1,1,0,0,1,1,0,0
18924956,0,0,1,1,0,0.342541436,,18924956,0,0,0,0,1,1,0,1,0,0,0,0,1,1,0,0,1,1,0,0,1,0,1,1,1,0,0,0,1,0,2,0,0,0,0,0,1,0
18941457,2,2,1,1,2,0.693370166,,18941457,2,2,2,1,2,1,2,1,2,2,1,2,1,2,2,2,1,2,2,2,2,2,1,1,1,1,2,2,1,2,0,2,2,2,2,0,2,2
18963340,1,1,1,0,1,0.497237569,,18963340,1,2,2,1,0,1,2,2,2,1,1,2,1,2,2,2,1,1,2,2,1,1,2,1,1,1,1,1,1,2,0,1,1,2,2,1,1,2
18965418,1,1,1,0,1,0.281767956,,18965418,0,1,0,0,0,0,1,0,1,0,1,1,0,0,2,2,0,0,0,0,1,0,1,1,1,0,1,1,0,1,0,1,0,2,2,1,1,2
18967349,0,0,0,0,0,0.046961326,,18967349,0,0,0,0,1,0,0,0,0,0,0,0,0,0,0,0,0,1,0,0,0,1,0,0,0,0,1,0,0,0,0,1,0,0,0,0,0,0
18967371,1,0,1,1,0,0.580110497,,18967371,2,0,1,1,1,2,1,2,2,2,0,1,2,0,1,0,2,1,1,1,1,1,2,1,1,1,1,1,1,1,2,0,2,0,0,1,1,1
18971224,1,0,1,1,0,0.668508287,,18971224,2,0,1,1,2,2,1,2,2,2,0,1,2,1,1,0,2,2,2,1,1,2,2,1,1,1,2,1,1,1,2,1,2,0,0,2,2,1
18975587,0,0,0,0,0,0.074585635,,18975587,0,0,0,0,0,0,0,0,0,0,0,0,0,0,0,0,0,1,0,0,0,1,0,0,0,0,1,0,0,0,0,1,0,0,0,1,0,0
18981563,1,0,1,1,0,0.67679558,,18981563,2,0,1,1,1,2,1,2,2,2,0,1,2,1,1,0,2,2,2,1,1,2,2,1,1,1,2,1,1,1,2,1,2,0,0,2,2,1
18982097,1,0,1,1,0,0.61878453,,18982097,2,0,1,1,1,2,1,2,2,2,0,1,2,0,1,0,2,2,1,1,1,2,2,1,1,1,2,1,1,1,2,1,2,0,0,1,2,1
18990128,0,2,1,1,2,0.20441989,,18990128,1,1,1,1,0,0,1,0,0,1,1,1,0,1,1,1,0,0,1,1,1,0,0,1,1,0,0,1,0,0,0,1,0,2,2,2,0,0
18992121,1,0,0,0,0,0.102209945,,18992121,1,1,0,0,0,0,0,0,0,0,0,0,0,0,0,0,0,0,0,0,0,0,0,0,0,0,0,0,0,0,0,0,1,0,0,0,0,1
18993128,1,2,1,1,2,0.328729282,,18993128,1,2,1,1,0,0,1,0,0,1,1,1,0,1,1,1,0,0,1,1,1,0,0,1,1,0,0,1,0,0,0,1,1,2,2,2,0,1
18996565,0,1,1,1,2,0.187845304,,18996565,0,1,1,1,0,0,1,0,0,1,1,1,0,0,1,1,0,0,0,1,1,0,0,1,1,0,0,1,0,0,0,1,0,1,2,1,0,0
19008108,1,1,1,1,2,0.317679558,,19008108,1,2,1,1,0,0,1,0,0,1,1,1,0,1,1,1,0,0,1,1,1,0,0,1,1,0,0,1,0,0,0,1,1,1,2,1,0,1
19024651,0,0,0,0,0,0.312154696,,19024651,1,2,1,1,0,0,1,0,0,1,1,1,0,0,1,1,0,0,0,1,1,0,1,1,1,0,0,1,1,1,0,1,1,1,2,1,1,1
19025381,1,0,0,0,0,0.201657459,,19025381,1,1,0,0,0,0,1,0,0,1,0,0,0,0,0,0,0,0,0,0,0,0,0,1,0,0,1,1,1,1,0,1,1,0,1,0,0,1
19026613,1,1,1,1,2,0.395027624,,19026613,1,2,2,1,0,0,1,0,0,2,1,0,0,0,1,1,0,0,1,1,1,0,0,1,1,1,1,1,1,1,0,1,1,1,2,0,0,1
19032215,1,0,0,0,0,0.193370166,,19032215,1,1,0,0,0,0,0,0,0,1,0,0,0,0,0,0,0,0,0,0,0,0,0,0,0,0,1,1,1,1,0,0,1,0,1,0,0,1
19033532,1,1,1,1,2,0.397790055,,19033532,1,2,2,1,0,0,1,0,0,2,1,0,0,0,1,1,0,0,1,1,1,0,0,1,1,1,1,1,1,1,0,1,1,1,2,0,0,1
19046677,0,0,0,0,0,0.022099448,,19046677,0,0,0,0,0,0,0,0,0,0,0,0,0,0,0,0,0,0,0,0,0,0,0,0,0,0,0,0,0,0,0,0,0,0,0,1,0,0
19048449,0,1,1,1,2,0.196132597,,19048449,0,1,2,1,0,0,1,0,0,1,0,0,0,0,1,1,0,0,1,1,0,0,0,1,1,1,0,0,0,0,0,1,0,1,1,0,0,0
19049602,1,1,1,1,2,0.436464088,,19049602,1,2,2,1,0,0,1,0,0,2,0,1,0,1,1,1,0,0,2,1,1,0,1,1,1,1,1,2,1,1,0,1,1,1,2,2,1,1
19051381,1,1,1,1,2,0.417127072,,19051381,1,2,2,1,0,0,1,0,0,2,1,0,0,0,1,1,0,0,1,1,1,0,0,1,1,1,1,1,1,1,0,1,1,1,2,1,0,1
19058146,0,0,1,1,0,0.121546961,,19058146,0,0,0,0,0,0,0,0,0,0,1,0,0,0,0,0,1,0,0,0,0,0,0,0,0,1,0,0,0,0,0,0,0,1,0,0,0,0
19062353,1,1,1,1,2,0.400552486,,19062353,1,2,2,1,0,0,1,0,0,2,1,0,0,0,1,1,0,0,1,1,1,0,0,1,1,1,1,1,1,1,0,1,1,1,2,0,0,1
19073612,0,0,0,0,0,0.08839779,,19073612,0,0,0,0,0,0,0,0,0,1,0,0,0,0,0,0,0,0,0,0,0,0,0,0,0,0,1,1,1,1,0,0,0,0,1,0,0,0
19077049,2,2,2,2,2,0.88121547,,19077049,2,2,2,2,1,2,2,2,2,2,2,2,2,2,2,2,2,2,2,2,2,1,2,2,2,2,1,2,1,2,2,1,2,2,2,2,2,1
19077594,1,0,0,0,0,0.190607735,,19077594,1,1,0,0,0,0,0,0,0,1,0,0,0,0,0,0,0,0,0,0,0,0,0,0,0,0,1,1,1,1,0,0,1,0,1,0,0,1
19080150,0,0,0,0,0,0.08839779,,19080150,0,0,0,0,0,0,0,0,0,1,0,0,0,0,0,0,0,0,0,0,0,0,0,0,0,0,1,1,1,1,0,0,0,0,1,0,0,0
19097437,1,0,0,0,0,0.102209945,,19097437,1,1,0,0,0,0,0,0,0,0,0,0,0,0,0,0,0,0,0,0,0,0,0,0,0,0,0,0,0,0,0,0,1,0,0,0,0,1
19098642,1,1,1,1,2,0.439226519,,19098642,1,2,2,1,0,0,1,0,0,2,1,1,0,1,1,1,0,0,2,1,1,0,1,1,1,1,1,2,1,1,0,1,1,1,2,2,1,1
19098966,0,1,1,1,2,0.29558011,,19098966,0,1,2,1,0,0,1,0,0,2,1,0,0,0,1,1,0,0,1,1,1,0,0,1,1,1,1,1,1,1,0,1,0,1,2,0,0,0
19099419,0,1,1,1,2,0.29558011,,19099419,0,1,2,1,0,0,1,0,0,2,1,0,0,0,1,1,0,0,1,1,1,0,0,1,1,1,1,1,1,1,0,1,0,1,2,0,0,0
19113686,1,1,1,1,2,0.461325967,,19113686,1,2,2,1,0,0,1,0,1,2,1,1,0,1,1,1,0,0,2,1,1,0,1,1,1,1,1,2,1,2,0,1,1,1,2,2,2,1
19120959,0,1,1,1,2,0.232044199,,19120959,0,0,2,1,0,0,1,0,0,1,1,0,0,0,1,1,0,0,1,1,1,0,0,1,0,1,0,0,0,0,0,1,0,1,1,2,1,0
19121872,0,0,0,0,0,0.071823204,,19121872,0,0,0,0,0,0,0,0,0,1,0,0,0,0,0,0,0,0,0,0,0,0,0,0,0,0,1,1,1,1,0,0,0,0,1,0,0,0
19122665,0,1,1,1,2,0.20441989,,19122665,0,1,2,1,0,0,1,0,0,1,1,0,0,0,1,1,0,0,1,1,1,0,0,1,1,1,0,0,0,0,0,1,0,1,1,0,1,0
19123075,1,1,1,1,2,0.342541436,,19123075,1,2,2,1,0,0,1,0,0,1,1,0,0,0,1,1,0,0,1,1,1,0,0,1,1,1,0,0,0,0,0,1,1,1,1,2,1,1
19123952,1,1,1,1,2,0.314917127,,19123952,1,2,2,1,0,0,1,0,0,1,1,0,0,0,1,1,0,0,1,1,1,0,0,1,1,1,0,0,0,0,0,1,1,1,1,1,1,1
19133605,0,0,1,1,0,0.110497238,,19133605,0,0,0,1,0,0,1,0,0,0,0,1,0,0,0,0,1,0,0,0,0,0,0,0,0,0,0,0,0,0,0,1,0,0,0,0,0,0
19133916,0,1,0,0,0,0.301104972,,19133916,1,0,1,0,0,1,1,1,1,1,2,0,0,0,0,1,0,0,2,1,1,0,0,1,0,1,0,1,0,0,1,0,1,1,1,2,0,1
19134083,0,1,1,1,0,0.439226519,,19134083,1,0,1,1,0,1,2,1,1,1,2,1,0,0,0,1,1,0,2,1,1,0,0,1,0,1,0,1,0,0,1,1,1,1,1,2,1,1
19145323,0,0,0,0,0,0.171270718,,19145323,1,0,0,0,0,0,0,0,0,0,0,0,1,0,0,0,0,1,0,0,0,0,0,1,1,0,0,0,0,0,0,0,1,0,1,1,2,1
19147441,0,1,1,0,1,0.740331492,,19147441,1,1,2,1,2,2,2,2,2,2,2,1,2,2,1,1,2,2,0,1,2,1,2,2,2,1,1,1,1,2,1,2,0,0,1,2,2,2
19149580,0,1,0,0,0,0.251381215,,19149580,1,0,1,1,0,1,1,0,0,0,1,0,0,1,0,0,0,1,0,1,1,1,2,1,1,0,0,0,0,1,1,1,0,0,1,0,0,2
19155622,0,0,0,0,0,0.069060773,,19155622,0,0,0,1,0,1,0,0,0,0,1,0,0,0,0,0,0,1,0,0,0,1,2,0,0,0,0,0,0,0,1,0,0,0,1,0,0,0
19156117,0,1,1,0,1,0.585635359,,19156117,1,1,1,1,2,2,1,2,1,1,1,2,2,2,0,1,2,2,1,1,1,1,2,1,2,2,1,1,1,1,1,1,0,0,1,2,2,1
19157642,0,0,0,0,0,0.254143646,,19157642,0,0,0,1,0,1,0,0,0,0,1,0,1,0,0,0,0,1,0,1,0,1,2,0,1,2,0,0,0,1,1,0,0,0,1,0,0,1
19158116,0,0,0,0,0,0.20718232,,19158116,0,0,0,0,0,0,0,0,0,0,0,0,1,0,0,0,0,0,0,0,0,0,0,0,0,1,0,0,0,1,0,0,0,0,0,0,0,1
19160297,0,0,0,0,0,0.080110497,,19160297,0,0,0,1,0,1,0,0,0,0,1,0,1,0,0,0,0,1,0,0,0,1,2,0,0,0,0,0,0,0,1,0,0,0,1,0,1,0
19160307,0,0,0,0,0,0.071823204,,19160307,0,0,0,1,0,1,0,0,0,0,1,0,0,0,0,0,0,1,0,0,0,1,2,0,0,0,0,0,0,0,1,0,0,0,1,0,1,0
19180589,0,1,1,0,1,0.709944751,,19180589,1,1,1,1,2,2,1,2,1,1,1,2,2,2,0,1,2,2,1,1,1,1,2,1,2,2,1,1,1,2,1,1,0,0,1,2,2,2
19183787,0,0,0,0,0,0.055248619,,19183787,0,0,0,0,0,0,0,0,0,0,0,0,0,0,0,0,0,0,0,0,0,0,0,0,0,1,0,0,0,0,0,0,0,0,0,0,0,0
19184095,0,1,1,0,1,0.458563536,,19184095,1,1,1,0,2,1,1,2,1,1,0,2,0,2,0,1,2,1,1,0,1,0,0,1,1,1,1,1,1,1,0,1,0,0,0,2,1,1
19187375,0,1,1,0,1,0.533149171,,19187375,1,1,1,0,2,1,1,2,1,1,0,2,1,2,0,1,2,1,1,1,1,0,0,1,2,1,1,1,1,2,0,1,0,0,0,2,1,2
19188532,0,0,0,0,0,0.104972376,,19188532,0,0,0,0,0,0,0,0,0,0,0,0,0,0,0,0,0,0,0,0,0,0,0,0,0,0,0,0,0,1,0,0,0,0,0,0,0,1
19195680,0,0,0,0,0,0.055248619,,19195680,0,0,0,0,0,0,0,0,0,0,0,0,0,0,0,0,0,0,0,0,0,0,0,0,0,1,0,0,0,0,0,0,0,0,0,0,0,0
19196112,0,1,1,0,1,0.403314917,,19196112,1,1,1,0,2,1,1,2,1,1,0,2,0,2,0,1,2,1,1,0,1,0,0,1,1,0,1,1,1,1,0,1,0,0,0,2,1,1
19197949,0,0,0,0,0,0.055248619,,19197949,0,0,0,0,0,0,0,0,0,0,0,0,0,0,0,0,0,0,0,0,0,0,0,0,0,1,0,0,0,0,0,0,0,0,0,0,0,0
19198226,0,1,1,0,1,0.610497238,,19198226,1,1,1,1,2,2,1,2,1,1,1,2,1,2,0,1,2,2,1,1,1,1,2,1,2,1,1,1,1,2,1,1,0,0,1,2,2,2
19223352,0,0,0,0,0,0.055248619,,19223352,0,0,0,0,0,0,0,0,0,0,0,0,0,0,0,0,0,0,0,0,0,0,0,0,0,1,0,0,0,0,0,0,0,0,0,0,0,0
19227275,0,0,0,0,0,0.046961326,,19227275,0,0,0,0,0,0,0,0,0,0,0,0,1,0,0,0,0,0,0,0,0,0,0,0,0,0,0,0,0,0,0,0,0,0,0,0,0,0
19236020,0,0,0,0,0,0.102209945,,19236020,0,0,0,0,0,0,0,0,0,0,0,0,1,0,0,0,0,0,0,0,0,0,0,0,0,1,0,0,0,0,0,0,0,0,0,0,0,0
19253332,2,1,1,2,1,0.555248619,,19253332,1,2,1,2,0,1,1,0,1,1,2,0,2,0,2,1,0,1,1,2,1,2,2,1,1,2,1,0,1,1,2,1,2,0,2,0,1,1
19271831,1,0,1,1,0,0.160220994,,19271831,0,2,0,1,0,0,0,0,0,1,0,0,0,0,1,1,0,0,1,1,1,0,0,0,0,0,1,0,0,1,1,1,1,0,0,0,0,0
19280403,1,1,0,1,1,0.162983425,,19280403,1,0,1,0,0,0,1,0,1,0,0,0,0,0,1,0,0,0,0,0,0,0,0,0,0,0,0,0,0,0,0,0,1,0,0,0,0,1
19283738,1,1,0,1,1,0.301104972,,19283738,1,0,1,0,0,0,1,0,1,0,0,0,2,0,1,0,0,0,0,1,0,0,0,0,1,2,0,0,0,1,0,0,1,0,0,0,1,1
19290969,2,2,2,2,2,0.917127072,,19290969,2,2,2,2,2,2,2,2,2,2,2,1,1,2,2,2,2,2,2,2,2,2,2,2,2,1,2,2,2,2,2,2,2,2,2,2,2,2
19310812,2,1,2,2,2,0.328729282,,19310812,1,0,2,1,0,1,1,1,1,1,0,0,0,0,2,1,0,0,2,0,1,1,0,1,0,0,1,0,1,1,0,2,2,0,0,0,0,1
19338412,0,1,0,0,0,0.453038674,,19338412,1,2,0,1,2,1,1,1,1,1,2,1,1,2,0,1,2,2,0,2,1,1,2,1,2,0,1,2,1,1,1,0,0,2,2,1,1,1
19342188,2,2,2,2,2,0.859116022,,19342188,2,2,2,2,2,2,2,2,2,2,2,1,1,2,2,2,2,2,2,2,2,2,2,2,2,0,2,2,2,2,1,2,2,2,2,2,2,2
19348199,1,1,1,1,2,0.196132597,,19348199,1,0,2,1,0,0,1,0,0,0,0,0,0,0,1,0,0,0,0,0,0,0,0,1,0,0,0,0,1,0,0,1,1,0,0,0,0,1
19365286,1,1,1,1,2,0.196132597,,19365286,1,0,2,1,0,0,1,0,0,0,0,0,0,0,1,0,0,0,0,0,0,0,0,1,0,0,0,0,1,0,0,1,1,0,0,0,0,1
19370586,0,0,0,0,0,0.154696133,,19370586,0,0,0,0,0,0,0,0,0,0,0,1,1,0,0,0,0,0,0,0,0,0,0,0,0,1,0,0,0,0,0,0,0,0,0,1,1,0
19372656,0,1,0,0,0,0.662983425,,19372656,1,2,0,1,2,1,1,1,0,1,2,2,2,2,0,1,2,2,0,2,1,1,2,1,2,2,1,2,1,1,2,0,0,2,2,2,2,1
19377483,0,0,0,0,0,0.080110497,,19377483,0,0,0,0,0,0,0,0,0,0,0,1,1,0,0,0,0,0,0,0,0,0,0,0,0,1,0,0,0,0,0,0,0,0,0,0,0,0
19380714,0,0,0,0,0,0.157458564,,19380714,0,0,0,0,0,0,0,0,0,0,0,1,1,0,0,0,0,0,0,0,0,0,0,0,0,1,0,0,0,0,0,0,0,0,0,1,1,0
19413706,0,0,0,0,0,0.066298343,,19413706,0,0,0,0,0,0,0,0,0,0,0,0,0,0,0,0,0,0,0,1,0,0,0,0,0,1,0,0,0,0,1,0,0,0,0,0,0,0
19423250,0,0,0,0,0,0.140883978,,19423250,0,0,0,0,0,0,0,0,0,0,0,1,1,0,0,0,0,0,0,1,0,0,0,0,0,2,0,0,0,0,1,0,0,0,0,0,0,0
19428511,1,1,1,1,2,0.270718232,,19428511,1,0,2,0,0,0,1,0,0,0,0,0,0,0,2,0,0,0,0,0,0,0,0,1,0,0,0,0,1,0,1,1,1,0,0,1,1,1
19430472,1,2,1,1,2,0.79558011,,19430472,2,2,2,2,2,1,2,1,0,1,2,2,2,2,2,1,2,2,0,1,1,1,2,2,2,1,0,2,2,1,2,1,1,2,2,2,2,2
19431038,1,2,1,1,2,0.842541436,,19431038,2,2,2,2,2,1,2,1,0,1,2,2,2,2,2,1,2,2,0,1,1,1,2,2,2,2,1,2,2,1,2,1,1,2,2,2,2,2
19448563,0,1,0,0,0,0.511049724,,19448563,1,2,0,2,2,1,1,1,0,1,2,2,1,2,0,1,2,2,0,2,1,1,2,1,1,1,0,2,1,0,1,0,0,2,2,1,1,1
19455836,0,1,0,0,0,0.439226519,,19455836,1,2,0,2,2,1,1,1,0,1,2,1,0,2,0,1,2,2,0,2,1,1,2,1,1,0,0,2,1,0,1,0,0,2,2,1,1,1
19458412,1,1,1,1,2,0.190607735,,19458412,1,0,2,0,0,0,1,0,0,0,0,0,0,0,2,0,0,0,0,0,0,0,0,1,0,0,0,0,1,0,0,1,1,0,0,0,0,1
19472280,0,1,0,0,0,0.508287293,,19472280,1,2,0,2,2,1,1,1,0,1,2,2,1,1,0,1,2,2,0,2,1,1,2,1,1,1,0,2,1,0,1,0,0,2,2,1,1,1
19479695,1,2,0,1,1,0.685082873,,19479695,2,2,1,2,2,1,2,1,0,1,2,2,1,1,2,1,2,2,0,2,1,1,2,2,1,1,0,2,2,0,1,1,1,2,2,1,1,2
19486391,1,1,0,1,1,0.245856354,,19486391,1,0,1,0,0,0,1,0,0,0,0,0,0,0,2,0,0,0,0,0,0,0,0,1,0,0,0,0,1,0,1,1,1,0,0,1,1,1
19501363,1,1,0,1,1,0.135359116,,19501363,1,0,1,0,0,0,1,0,0,0,0,0,0,0,2,0,0,0,0,0,0,0,0,1,0,0,0,0,1,0,0,1,1,0,0,0,0,0
19505531,0,0,0,0,0,0.046961326,,19505531,0,0,0,0,0,0,0,0,0,0,0,0,0,0,0,0,0,0,0,0,0,0,0,0,0,1,1,0,0,0,0,0,0,0,0,0,0,0
19506456,0,1,0,0,0,0.389502762,,19506456,1,1,1,2,1,1,1,0,0,1,2,1,0,1,0,1,2,2,0,1,1,1,2,1,1,0,0,1,1,0,1,0,0,0,2,1,1,2
19513930,1,1,0,1,1,0.162983425,,19513930,1,0,0,0,0,0,1,0,0,0,0,0,0,0,2,0,0,0,0,0,0,0,0,1,0,0,0,0,1,0,0,1,1,0,0,0,0,1
19518079,1,2,0,1,1,0.801104972,,19518079,2,2,1,2,2,1,2,1,0,1,2,2,2,1,2,1,2,2,0,2,1,1,2,2,2,2,1,2,2,0,2,1,1,2,2,2,1,2
19522510,1,0,0,0,0,0.149171271,,19522510,0,1,1,0,0,0,1,0,1,0,0,0,0,0,1,0,0,1,0,1,0,0,0,0,0,0,0,0,1,0,0,0,1,0,0,0,1,1
19524902,0,0,1,0,1,0.110497238,,19524902,1,0,1,0,0,0,0,1,1,1,0,0,0,1,1,0,0,0,2,0,0,0,0,0,0,0,1,0,0,1,0,0,0,0,1,0,0,0
19532378,1,1,2,1,1,0.566298343,,19532378,2,2,2,1,1,1,1,1,2,1,0,1,2,1,2,2,0,1,2,1,1,0,1,2,1,1,2,0,1,2,2,1,1,0,1,0,2,1
19547879,1,0,1,0,1,0.450276243,,19547879,2,2,2,1,0,0,1,1,2,1,0,1,1,2,2,1,0,1,2,2,0,0,0,2,0,1,1,0,1,2,1,1,1,0,1,0,2,1
19550343,1,0,0,0,0,0.23480663,,19550343,0,1,1,0,0,0,1,0,1,0,0,0,0,0,1,1,0,1,0,2,0,0,0,1,0,1,0,0,1,0,1,0,1,0,0,0,1,1
19559409,0,0,0,0,0,0.038674033,,19559409,0,0,0,0,0,0,0,0,0,0,0,0,0,0,0,0,0,0,0,0,0,0,0,0,0,0,0,0,0,0,0,0,0,0,0,0,0,0
19565395,0,0,1,0,1,0.226519337,,19565395,2,1,1,1,0,0,0,1,1,0,0,1,0,1,1,0,0,0,2,0,0,0,0,1,0,0,0,0,0,2,0,1,0,0,1,0,1,0
19565732,0,0,0,0,0,0.099447514,,19565732,1,1,0,1,0,0,0,0,0,0,0,1,0,0,1,0,0,0,0,0,0,0,0,1,0,0,0,0,0,1,0,1,0,0,0,0,1,0
19567149,2,1,2,2,2,0.787292818,,19567149,2,1,1,2,1,1,2,2,1,2,2,2,1,1,1,0,2,2,2,0,0,2,1,2,1,2,1,2,2,2,0,2,2,2,2,2,2,1
19569995,2,2,2,2,2,0.773480663,,19569995,1,0,1,1,2,2,2,2,1,2,2,1,2,1,0,2,2,2,2,0,2,2,2,1,2,2,1,2,2,1,1,1,2,2,2,2,1,1
19579962,1,0,0,0,0,0.071823204,,19579962,0,0,0,0,0,0,1,0,0,0,0,0,0,0,0,0,0,1,0,0,0,0,0,1,0,1,0,0,1,0,0,0,1,0,0,0,0,0
19580185,1,1,1,0,1,0.522099448,,19580185,2,2,2,1,1,1,1,1,2,0,0,1,1,2,2,1,0,1,2,2,2,0,1,2,1,1,1,0,1,2,2,1,1,0,1,0,2,1
19581946,1,1,1,0,1,0.46961326,,19581946,2,2,2,1,1,1,1,1,2,0,0,1,1,2,2,1,0,1,2,2,2,0,1,2,1,1,1,0,1,2,1,1,1,0,1,0,2,1
19582961,0,0,0,0,0,0.232044199,,19582961,1,2,1,1,0,0,0,0,1,0,0,1,0,1,2,0,0,0,0,2,0,0,0,1,0,0,1,0,0,1,1,1,0,0,0,0,1,1
19583025,0,0,0,0,0,0.220994475,,19583025,1,1,1,0,0,0,0,0,1,0,0,1,0,1,2,0,0,0,0,2,0,0,0,1,0,0,1,0,0,1,1,1,0,0,0,0,1,1
19584672,1,1,0,0,0,0.298342541,,19584672,1,2,1,1,0,0,1,0,1,0,0,1,0,1,2,0,0,1,0,2,0,0,0,2,0,1,1,0,1,1,1,1,1,0,0,0,1,1
19585836,0,2,0,1,1,0.331491713,,19585836,1,1,1,0,0,1,0,1,1,0,0,1,0,1,2,1,0,0,0,1,1,0,0,1,0,0,1,0,0,1,2,1,0,0,0,0,1,1
19594436,1,2,1,1,2,0.472375691,,19594436,2,2,2,1,0,1,1,1,2,0,0,1,0,2,2,1,0,1,2,2,1,0,0,2,0,1,1,0,1,1,2,1,1,0,0,0,2,1
19601238,1,0,0,0,0,0.17679558,,19601238,0,0,0,0,1,0,1,1,0,2,0,0,1,0,0,0,0,1,0,2,0,1,0,0,0,1,0,1,2,1,0,0,1,2,0,0,1,0
19609256,1,1,2,1,1,0.596685083,,19609256,2,1,2,0,1,0,1,2,2,2,1,2,1,2,2,0,0,2,2,2,1,2,1,2,1,1,1,1,2,2,1,1,1,2,0,1,2,1
19609943,1,0,0,0,0,0.226519337,,19609943,1,1,0,0,1,0,0,2,1,1,0,0,1,0,0,0,0,0,2,2,0,1,0,1,1,1,0,1,2,1,1,0,1,2,0,0,0,0
19610682,1,0,0,0,0,0.20441989,,19610682,1,1,0,0,1,0,0,2,0,1,0,0,1,0,0,0,0,1,0,2,0,1,0,1,1,1,0,1,2,1,0,0,1,2,0,0,0,0
19613784,0,0,0,0,0,0.055248619,,19613784,0,0,0,0,1,0,0,0,0,0,1,0,0,0,0,0,0,0,0,0,0,0,0,0,0,0,0,0,0,0,0,0,0,0,0,0,0,0
19616341,0,0,0,0,0,0.085635359,,19616341,0,0,0,0,1,0,0,0,1,0,1,0,0,0,0,0,0,0,2,0,0,0,0,0,0,0,0,0,0,0,0,0,0,0,0,0,0,0
19620982,0,0,0,0,0,0.082872928,,19620982,0,0,0,1,0,0,0,0,1,0,0,0,0,0,0,0,0,0,2,0,0,0,0,0,1,0,0,0,1,0,0,0,1,0,0,0,1,0
19621011,0,1,1,1,0,0.458563536,,19621011,1,0,2,1,0,0,1,0,2,1,1,2,0,2,2,0,0,1,2,0,1,1,1,0,1,0,1,0,1,2,1,1,1,0,0,1,2,1
19623386,0,1,1,1,0,0.378453039,,19623386,1,0,2,0,0,0,1,0,1,1,1,2,0,2,2,0,0,1,0,0,1,1,1,0,0,0,1,0,0,2,1,1,0,0,0,1,1,1
19628737,0,0,0,0,0,0.055248619,,19628737,0,0,0,1,0,0,0,0,0,0,0,0,0,0,0,0,0,0,0,0,0,0,0,0,1,0,0,0,1,0,0,0,1,0,0,0,1,0
19632608,0,1,1,1,2,0.395027624,,19632608,1,2,0,1,0,2,1,1,0,0,0,0,1,0,1,2,2,0,0,0,1,0,2,1,1,1,1,1,1,0,1,1,1,1,2,1,0,0
19634330,0,1,1,1,2,0.375690608,,19634330,1,1,0,1,1,1,0,1,0,0,1,0,1,0,1,1,0,0,0,0,0,1,0,1,0,1,1,1,1,0,1,0,0,1,1,1,0,0
19636351,0,0,0,0,0,0.096685083,,19636351,0,0,0,1,0,0,0,0,1,0,0,0,0,1,0,1,2,0,2,0,0,0,1,0,1,0,0,0,1,0,0,1,1,0,1,0,0,0
19636858,2,2,2,2,2,0.850828729,,19636858,2,2,2,1,1,2,2,1,1,1,2,2,2,1,2,1,0,2,0,2,2,2,1,2,1,2,2,1,1,1,2,1,1,2,1,2,2,2
19638044,2,1,1,1,0,0.488950276,,19638044,1,1,2,0,0,1,2,0,1,1,1,2,1,1,1,0,0,2,0,2,2,1,1,1,1,1,1,0,0,1,2,1,1,1,0,1,2,2
19643245,2,2,2,2,2,0.79558011,,19643245,1,2,2,2,1,2,2,1,2,1,2,2,2,1,2,1,2,2,1,2,2,1,1,2,0,2,2,1,0,1,1,1,1,1,0,2,0,2
19643844,0,1,0,1,1,0.328729282,,19643844,0,1,1,1,0,1,0,1,1,0,1,1,1,1,1,1,1,0,1,0,0,0,0,0,1,1,1,2,2,1,0,1,2,0,0,1,0,1
19646034,0,1,0,0,0,0.140883978,,19646034,1,0,1,0,0,1,0,0,0,0,0,0,0,2,0,1,0,0,1,0,0,1,0,0,2,0,0,0,0,1,2,1,1,1,1,0,2,0
19649005,0,0,0,0,0,0.113259669,,19649005,1,0,0,0,0,0,0,0,0,0,0,0,0,1,0,1,1,0,0,0,0,1,1,0,1,0,0,0,0,0,2,1,0,1,1,0,0,0
19653058,0,2,0,1,1,0.077348066,,19653058,0,1,1,0,0,1,0,0,0,0,0,0,0,1,0,0,0,0,1,0,0,0,0,0,1,0,0,0,0,1,1,0,1,0,0,0,2,0
19654452,0,0,0,0,0,0.287292818,,19654452,0,1,0,1,0,1,1,1,1,0,1,1,1,0,1,1,1,0,1,0,0,0,0,0,0,1,1,2,2,0,1,0,1,0,0,1,0,1
19659099,2,2,0,1,1,0.527624309,,19659099,1,2,1,1,1,2,1,2,1,1,1,0,1,1,1,2,2,1,2,1,0,2,1,1,1,1,1,1,0,1,1,1,1,1,2,1,1,2
19665133,0,2,0,1,1,0.05801105,,19665133,0,1,1,0,0,1,0,0,0,0,0,0,0,1,0,0,0,0,1,1,0,0,0,0,1,0,0,0,0,1,0,0,1,0,0,0,0,0
19668110,0,2,1,2,1,0.121546961,,19668110,1,1,1,0,0,1,0,0,0,0,0,0,0,2,0,0,0,0,1,1,0,0,0,0,1,0,0,0,0,1,0,0,1,0,0,0,1,1
19668888,0,2,0,1,1,0.08839779,,19668888,0,1,1,0,0,1,0,0,0,0,0,0,0,1,0,0,0,0,1,1,0,0,0,0,1,0,0,0,0,1,0,0,1,0,0,0,0,0
19674992,0,0,1,1,0,0.033149171,,19674992,1,0,0,0,0,0,0,0,0,0,0,0,0,0,0,0,0,0,0,0,0,0,0,0,0,0,0,0,0,0,0,0,0,0,0,0,1,0
19675944,0,0,0,0,0,0.303867403,,19675944,1,1,0,1,0,1,1,1,1,0,1,0,1,0,1,1,2,0,1,0,0,0,1,1,0,1,0,1,1,0,1,0,0,1,0,1,0,2
19677822,0,0,1,1,0,0.044198895,,19677822,1,0,0,0,0,0,0,0,0,0,1,0,0,0,0,0,0,0,0,0,0,0,0,0,1,0,0,0,0,0,0,0,0,0,0,0,1,0
19678655,0,0,1,0,1,0.35359116,,19678655,1,1,0,1,1,1,1,2,1,0,1,0,1,0,1,0,1,0,1,0,0,1,2,1,0,1,1,1,1,0,2,1,0,1,2,1,0,2
19678836,0,0,0,0,0,0.060773481,,19678836,0,0,0,0,1,0,0,1,0,0,0,0,0,0,0,0,0,0,0,0,0,1,1,0,0,0,1,0,0,0,1,1,0,0,2,0,0,0
19679067,0,0,1,1,0,0.044198895,,19679067,1,0,0,0,0,0,0,0,0,0,1,0,0,0,0,0,0,0,0,0,0,0,0,0,1,0,0,0,0,0,0,0,0,0,0,0,1,0
19681349,0,0,1,0,1,0.287292818,,19681349,1,1,0,1,0,1,1,1,1,0,1,0,1,0,1,0,1,0,1,0,0,0,1,1,0,0,0,1,1,0,1,0,0,1,0,1,0,2
19681755,0,0,1,1,0,0.046961326,,19681755,1,0,0,0,0,0,0,0,0,0,1,0,0,0,0,0,0,0,0,0,0,0,0,0,1,0,0,0,0,0,0,0,0,0,0,0,1,0
19685895,0,2,1,1,2,0.361878453,,19685895,1,2,1,1,0,2,0,1,1,0,1,0,0,1,1,0,2,0,1,2,0,0,1,0,1,1,0,0,1,1,1,0,1,1,0,1,0,2
19690250,0,0,0,0,0,0.375690608,,19690250,1,1,0,2,1,0,1,0,1,0,1,1,1,0,1,1,1,0,1,0,0,1,1,0,0,1,2,1,0,1,2,1,0,2,1,0,0,1
19691502,0,2,2,2,2,0.643646409,,19691502,2,2,1,2,2,1,2,0,2,0,2,1,2,1,1,1,1,0,2,2,1,1,1,1,2,2,2,1,0,2,2,2,1,2,1,0,2,1
19698129,0,0,0,0,0,0.182320442,,19698129,1,0,0,0,1,0,1,0,0,0,1,1,1,0,1,0,0,0,0,0,0,0,1,1,0,0,0,0,0,0,0,1,0,0,0,0,2,0
19717320,0,2,0,1,1,0.359116022,,19717320,1,1,0,1,0,1,2,1,1,0,0,1,0,2,1,0,1,1,1,1,1,1,1,1,0,1,0,0,0,0,2,1,0,0,1,0,1,2
19721766,0,0,1,1,0,0.453038674,,19721766,1,0,2,0,0,1,1,1,0,0,2,0,0,0,1,1,1,0,0,1,1,1,0,2,0,0,0,1,1,0,0,0,0,0,0,2,1,2
19721988,0,0,0,0,0,0.052486188,,19721988,0,0,0,0,0,0,0,0,0,0,1,0,0,0,0,0,0,0,0,0,0,0,0,0,0,0,0,0,0,0,0,0,0,0,0,0,0,1
19724613,0,0,1,1,0,0.649171271,,19724613,1,0,2,1,2,2,1,1,1,1,2,1,0,1,2,1,1,0,1,1,1,2,0,2,0,1,0,1,2,1,0,1,1,2,1,2,1,2