SNP Position;Aunt;Dad;Mom;Daughter;Son
17054720;0;1;1;1;2
17075353;2;2;2;2;2
17087656;1;2;2;2;2
17094749;2;2;1;2;1
17112342;0;0;0;0;0
17154984;0;0;0;0;0
17169522;1;2;1;1;2
17178586;1;1;0;0;0
17189718;0;0;0;0;0
17203103;2;2;2;2;2
17214252;2;2;2;2;2
17256231;1;2;1;1;2
17264565;2;2;2;2;2
17265124;2;2;2;2;2
17273728;0;2;0;1;1
17281931;0;0;0;0;0
17285949;1;2;1;2;1
17288988;0;0;0;0;0
17289118;2;2;1;2;1
17294251;1;1;2;2;2
17301217;1;1;0;0;0
17301843;2;2;2;2;2
17304246;1;1;1;0;1
17304887;1;1;0;0;0
17306104;0;0;1;0;1
17310741;2;1;2;1;1
17312596;2;1;1;1;0
17315102;0;1;0;1;1
17315503;0;2;1;1;2
17317233;0;2;1;1;2
17318150;1;1;2;1;1
17319156;1;2;2;2;2
17326181;1;2;2;2;2
17326432;0;0;0;0;0
17394989;1;1;1;2;1
17395610;1;0;1;1;0
17396612;1;0;1;1;0
17397875;1;0;1;1;0
17398508;2;1;2;1;1
17398800;2;2;2;2;2
17398812;1;1;1;0;1
17399211;2;2;2;2;2
17407349;0;1;0;1;1
17407566;1;1;1;0;1
17409897;1;1;0;0;0
17410373;0;1;0;1;1
17411899;0;1;0;1;1
17412216;2;1;2;1;1
17412806;2;1;2;1;1
17414103;0;0;1;0;1
17414640;0;0;0;0;0
17415572;0;0;0;0;0
17427037;0;0;0;0;0
17429384;0;1;1;1;2
17429434;0;0;1;0;1
17433210;1;0;1;1;0
17433888;0;0;0;0;0
17434084;1;1;2;2;2
17436846;1;0;2;1;1
17442154;0;0;0;0;0
17443131;0;1;0;1;1
17445502;1;0;2;1;1
17446157;0;0;0;0;0
17446914;0;1;0;1;1
17452966;1;1;2;2;2
17462185;1;1;2;2;2
17467411;0;0;0;0;0
17467684;0;0;0;0;0
17470779;0;1;0;1;1
17488195;1;0;1;1;0
17489577;0;0;0;0;0
17489890;0;0;0;0;0
17490932;1;1;2;2;2
17492203;1;0;1;1;0
17492452;0;1;1;1;2
17493293;1;1;2;2;2
17493708;1;1;2;2;2
17493792;1;1;1;2;1
17494101;0;0;0;0;0
17494547;0;1;0;1;1
17524203;0;0;0;0;0
17525584;1;1;1;2;1
17525970;1;1;1;2;1
17529814;1;1;1;2;1
17541673;0;0;0;0;0
17545859;0;0;0;0;0
17549526;1;1;1;2;1
17557144;1;1;1;2;1
17567699;1;1;1;2;1
17575800;1;0;1;1;0
17580394;0;1;0;1;1
17580813;0;1;0;1;1
17585441;2;2;1;2;1
17586471;2;2;2;2;2
17587680;1;0;0;0;0
17587975;1;1;2;1;1
17589209;1;1;1;1;0
17589246;0;0;1;0;1
17593685;1;2;1;1;2
17594915;0;2;1;1;2
17597462;0;0;0;0;0
17603801;1;1;2;2;2
17605824;2;2;2;2;2
17611515;1;0;1;1;0
17615213;1;1;0;0;0
17616217;1;0;1;1;0
17618142;1;1;1;1;2
17619292;0;1;0;0;0
17620130;0;0;0;0;0
17621704;0;1;1;1;2
17622267;0;0;0;0;0
17626665;2;2;2;2;2
17630486;2;1;1;1;0
17643546;2;2;2;2;2
17647862;1;0;0;0;0
17649774;2;0;2;1;1
17656724;1;0;1;1;0
17658341;0;1;1;1;2
17663117;1;0;2;1;1
17665413;2;1;2;2;2
17669306;1;1;0;1;1
17670256;0;0;1;0;1
17674117;0;1;0;1;1
17675900;1;0;1;0;1
17676590;0;0;0;0;0
17677699;1;2;1;1;2
17680519;1;0;1;1;0
17682165;0;1;1;0;1
17682294;2;2;2;2;2
17688402;0;0;0;0;0
17697781;1;1;1;1;2
17700284;1;1;1;1;2
17705622;1;1;1;1;2
17705808;1;1;1;1;2
17710860;0;0;1;0;1
17712611;2;2;1;2;1
17718119;2;1;1;2;1
17718606;0;0;0;0;0
17722536;1;1;0;1;1
17722885;0;0;0;0;0
17724093;1;1;0;1;1
17729044;1;1;0;1;1
17731977;0;1;0;0;0
17733896;0;1;0;0;0
17735191;0;0;0;0;0
17744553;1;0;2;1;1
17759549;0;0;0;0;0
17760350;0;0;0;0;0
17761425;0;0;0;0;0
17766115;0;0;0;0;0
17784602;0;0;0;0;0
17790349;0;0;0;0;0
17791564;1;1;0;0;0
17795408;1;0;0;0;0
17798800;0;1;0;0;0
17799529;0;0;0;0;0
17800472;1;0;1;1;0
17803593;1;0;1;1;0
17803786;0;0;0;0;0
17817037;0;0;0;0;0
17823261;0;2;0;1;1
17827684;2;2;2;2;2
17829955;0;0;0;0;0
17831813;1;2;2;2;2
17834898;0;0;0;0;0
17838809;1;2;2;2;2
17846171;1;0;0;0;0
17853714;1;0;0;0;0
17861476;0;0;0;0;0
17862268;0;2;1;1;2
17866198;1;1;0;1;1
17873099;1;1;0;1;1
17885697;1;1;0;1;1
17890558;1;1;0;1;1
17894083;2;1;2;1;1
17899136;0;0;0;0;0
17899175;0;0;0;0;0
17903914;0;0;0;0;0
17908162;1;1;1;1;0
17909998;1;1;1;1;0
17910586;2;0;0;0;0
17910844;1;0;0;0;0
17915430;0;0;0;0;0
17915744;0;0;0;0;0
17922770;0;0;0;0;0
17929926;0;0;0;0;0
17931566;0;0;0;0;0
17932686;1;1;1;1;2
17939816;2;1;2;2;2
17940494;0;0;0;0;0
17946168;0;0;1;1;0
17946202;0;0;0;0;0
17947371;0;0;0;0;0
17956887;1;0;1;1;0
17958441;1;0;0;0;0
17961525;1;2;1;1;2
17965531;1;0;1;0;1
17965843;2;1;2;2;2
17968311;1;0;0;0;0
17971225;1;0;0;0;0
17971883;0;0;0;0;0
17973032;0;0;0;0;0
17973664;1;1;0;0;0
17977024;2;1;2;2;2
17986811;0;0;1;0;1
17988394;2;1;2;2;2
17990852;0;0;0;0;0
17992131;0;2;2;2;2
17992437;0;0;0;0;0
17994585;2;2;2;2;2
17999158;0;1;2;1;1
18001375;2;2;2;2;2
18002892;0;0;0;0;0
18009909;0;2;2;2;2
18010706;0;1;0;1;1
18010945;0;0;0;0;0
18011380;0;2;2;2;2
18013723;0;0;0;0;0
18016508;0;1;2;1;1
18018604;0;0;0;0;0
18018940;0;0;0;0;0
18021604;0;0;0;0;0
18021760;0;1;0;1;1
18031544;2;2;2;2;2
18033199;0;1;1;2;1
18036388;0;1;0;1;1
18036431;0;1;0;1;1
18038786;0;1;0;1;1
18038910;0;0;0;0;0
18047028;2;1;1;1;0
18047231;0;0;0;0;0
18049681;2;1;1;1;0
18053496;2;1;2;1;1
18055605;0;0;0;0;0
18061337;2;2;1;2;1
18068785;0;0;1;0;1
18076546;0;0;1;0;1
18079518;0;0;0;0;0
18081156;0;0;1;0;1
18083591;1;1;0;1;1
18088903;0;1;1;0;1
18094106;0;0;0;0;0
18094292;0;1;1;0;1
18096378;0;0;1;0;1
18102627;0;1;0;0;0
18104619;1;2;1;1;2
18115392;1;2;1;1;2
18120850;0;1;1;0;1
18130209;0;0;1;0;1
18131078;1;0;2;1;1
18135912;0;0;1;0;1
18161543;0;0;1;0;1
18161979;0;0;0;0;0
18163795;0;0;0;0;0
18174658;1;0;2;1;1
18181869;0;0;1;0;1
18187216;0;0;0;0;0
18193707;0;0;0;0;0
18209613;1;0;1;1;0
18213057;1;0;0;0;0
18216211;1;0;0;0;0
18222263;1;0;1;0;1
18224155;1;0;0;0;0
18233000;1;0;0;0;0
18234589;0;0;0;0;0
18235305;1;0;1;1;0
18240974;0;0;0;0;0
18245932;0;0;1;0;1
18246375;0;0;1;0;1
18250268;0;0;1;0;1
18255988;0;0;0;0;0
18258382;1;1;1;1;2
18262767;0;0;0;0;0
18263268;1;0;0;0;0
18264831;1;1;2;2;2
18268794;0;1;1;2;1
18270779;1;0;0;0;0
18276101;0;1;1;2;1
18283247;0;1;0;1;1
18286672;0;2;0;1;1
18288362;0;2;0;1;1
18289204;0;1;0;0;0
18292466;0;2;0;1;1
18295575;0;2;0;1;1
18298527;1;1;0;1;1
18299197;1;1;0;1;1
18307634;1;1;0;1;1
18308320;0;0;0;0;0
18313512;1;1;1;1;0
18316526;1;1;1;1;0
18316620;0;1;0;0;0
18319179;0;1;0;0;0
18323438;0;1;0;0;0
18326162;0;0;0;0;0
18333902;0;1;0;0;0
18338356;1;1;0;0;0
18339012;1;1;0;0;0
18347127;1;1;0;0;0
18350514;0;0;0;0;0
18354272;1;1;0;0;0
18354328;1;1;0;0;0
18368147;0;0;0;0;0
18371637;1;1;0;0;0
18377199;1;1;0;0;0
18391061;2;1;1;1;0
18393564;1;0;1;1;0
18393933;1;1;0;0;0
18396329;2;2;2;2;2
18403629;1;2;1;1;2
18406068;0;0;0;0;0
18407468;1;2;1;1;2
18413975;2;2;2;2;2
18420055;1;0;1;1;0
18430193;1;0;1;1;0
18435794;2;2;2;2;2
18438752;0;0;0;0;0
18439598;0;0;0;0;0
18439958;0;0;0;0;0
18442522;1;0;1;1;0
18443681;1;0;1;1;0
18443699;0;0;0;0;0
18448960;1;0;1;1;0
18466802;1;0;1;1;0
18467133;1;0;1;1;0
18475941;0;0;0;0;0
18486017;1;0;1;1;0
18489048;1;1;0;0;0
18493980;1;1;0;0;0
18495470;0;0;1;1;0
18504801;1;0;2;1;1
18505121;1;0;0;0;0
18507030;0;0;1;0;1
18512496;0;0;1;1;0
18520582;1;0;0;0;0
18523214;1;0;0;0;0
18526789;2;1;1;1;0
18530984;0;0;0;0;0
18533335;0;0;0;0;0
18533434;0;0;1;1;0
18537041;0;0;1;1;0
18539370;0;0;1;1;0
18539553;0;0;0;0;0
18542311;0;1;0;0;0
18545634;0;2;0;1;1
18546611;0;0;0;0;0
18549152;0;0;0;0;0
18549174;0;2;0;1;1
18549740;0;0;0;0;0
18551780;0;1;0;0;0
18552662;0;0;0;0;0
18555134;0;1;1;1;0
18558511;0;0;0;0;0
18560570;1;1;0;1;1
18562888;2;1;1;2;1
18571008;1;1;0;1;1
18574715;2;2;1;2;1
18583267;1;1;1;1;2
18584433;1;1;0;1;1
18586169;0;0;1;0;1
18586756;0;0;0;0;0
18590899;0;0;0;0;0
18594931;0;0;0;0;0
18595352;1;0;2;1;1
18596449;1;0;1;1;0
18601415;1;1;1;1;0
18607872;0;0;0;0;0
18608627;0;0;0;0;0
18609046;0;0;0;0;0
18610110;0;0;0;0;0
18610146;0;0;0;0;0
18610798;0;0;0;0;0
18611223;0;0;0;0;0
18613045;0;0;0;0;0
18614874;0;0;0;0;0
18629028;0;0;0;0;0
18631365;0;0;0;0;0
18633446;1;1;0;0;0
18633978;1;1;0;0;0
18640300;0;0;0;0;0
18642145;0;0;0;0;0
18877787;0;1;0;0;0
18890615;0;1;0;0;0
18901004;2;2;2;2;2
18905964;0;0;1;0;1
18907405;0;1;1;0;1
18912678;1;1;2;1;1
18913602;1;1;0;1;1
18915347;0;0;0;0;0
18915963;0;0;1;1;0
18916180;0;0;0;0;0
18916756;1;0;0;0;0
18917031;1;1;0;1;1
18917748;0;1;1;0;1
18924956;0;0;1;1;0
18941457;2;2;1;1;2
18963340;1;1;1;0;1
18965418;1;1;1;0;1
18967349;0;0;0;0;0
18967371;1;0;1;1;0
18971224;1;0;1;1;0
18975587;0;0;0;0;0
18981563;1;0;1;1;0
18982097;1;0;1;1;0
18990128;0;2;1;1;2
18992121;1;0;0;0;0
18993128;1;2;1;1;2
18996565;0;1;1;1;2
19008108;1;1;1;1;2
19024651;0;0;0;0;0
19025381;1;0;0;0;0
19026613;1;1;1;1;2
19032215;1;0;0;0;0
19033532;1;1;1;1;2
19046677;0;0;0;0;0
19048449;0;1;1;1;2
19049602;1;1;1;1;2
19051381;1;1;1;1;2
19058146;0;0;1;1;0
19062353;1;1;1;1;2
19073612;0;0;0;0;0
19077049;2;2;2;2;2
19077594;1;0;0;0;0
19080150;0;0;0;0;0
19097437;1;0;0;0;0
19098642;1;1;1;1;2
19098966;0;1;1;1;2
19099419;0;1;1;1;2
19113686;1;1;1;1;2
19120959;0;1;1;1;2
19121872;0;0;0;0;0
19122665;0;1;1;1;2
19123075;1;1;1;1;2
19123952;1;1;1;1;2
19133605;0;0;1;1;0
19133916;0;1;0;0;0
19134083;0;1;1;1;0
19145323;0;0;0;0;0
19147441;0;1;1;0;1
19149580;0;1;0;0;0
19155622;0;0;0;0;0
19156117;0;1;1;0;1
19157642;0;0;0;0;0
19158116;0;0;0;0;0
19160297;0;0;0;0;0
19160307;0;0;0;0;0
19180589;0;1;1;0;1
19183787;0;0;0;0;0
19184095;0;1;1;0;1
19187375;0;1;1;0;1
19188532;0;0;0;0;0
19195680;0;0;0;0;0
19196112;0;1;1;0;1
19197949;0;0;0;0;0
19198226;0;1;1;0;1
19223352;0;0;0;0;0
19227275;0;0;0;0;0
19236020;0;0;0;0;0
19253332;2;1;1;2;1
19271831;1;0;1;1;0
19280403;1;1;0;1;1
19283738;1;1;0;1;1
19290969;2;2;2;2;2
19310812;2;1;2;2;2
19338412;0;1;0;0;0
19342188;2;2;2;2;2
19348199;1;1;1;1;2
19365286;1;1;1;1;2
19370586;0;0;0;0;0
19372656;0;1;0;0;0
19377483;0;0;0;0;0
19380714;0;0;0;0;0
19413706;0;0;0;0;0
19423250;0;0;0;0;0
19428511;1;1;1;1;2
19430472;1;2;1;1;2
19431038;1;2;1;1;2
19448563;0;1;0;0;0
19455836;0;1;0;0;0
19458412;1;1;1;1;2
19472280;0;1;0;0;0
19479695;1;2;0;1;1
19486391;1;1;0;1;1
19501363;1;1;0;1;1
19505531;0;0;0;0;0
19506456;0;1;0;0;0
19513930;1;1;0;1;1
19518079;1;2;0;1;1
19522510;1;0;0;0;0
19524902;0;0;1;0;1
19532378;1;1;2;1;1
19547879;1;0;1;0;1
19550343;1;0;0;0;0
19559409;0;0;0;0;0
19565395;0;0;1;0;1
19565732;0;0;0;0;0
19567149;2;1;2;2;2
19569995;2;2;2;2;2
19579962;1;0;0;0;0
19580185;1;1;1;0;1
19581946;1;1;1;0;1
19582961;0;0;0;0;0
19583025;0;0;0;0;0
19584672;1;1;0;0;0
19585836;0;2;0;1;1
19594436;1;2;1;1;2
19601238;1;0;0;0;0
19609256;1;1;2;1;1
19609943;1;0;0;0;0
19610682;1;0;0;0;0
19613784;0;0;0;0;0
19616341;0;0;0;0;0
19620982;0;0;0;0;0
19621011;0;1;1;1;0
19623386;0;1;1;1;0
19628737;0;0;0;0;0
19632608;0;1;1;1;2
19634330;0;1;1;1;2
19636351;0;0;0;0;0
19636858;2;2;2;2;2
19638044;2;1;1;1;0
19643245;2;2;2;2;2
19643844;0;1;0;1;1
19646034;0;1;0;0;0
19649005;0;0;0;0;0
19653058;0;2;0;1;1
19654452;0;0;0;0;0
19659099;2;2;0;1;1
19665133;0;2;0;1;1
19668110;0;2;1;2;1
19668888;0;2;0;1;1
19674992;0;0;1;1;0
19675944;0;0;0;0;0
19677822;0;0;1;1;0
19678655;0;0;1;0;1
19678836;0;0;0;0;0
19679067;0;0;1;1;0
19681349;0;0;1;0;1
19681755;0;0;1;1;0
19685895;0;2;1;1;2
19690250;0;0;0;0;0
19691502;0;2;2;2;2
19698129;0;0;0;0;0
19717320;0;2;0;1;1
19721766;0;0;1;1;0
19721988;0;0;0;0;0
19724613;0;0;1;1;0